income,loan_amount,debt_ratio,credit_score,years_employed,default
62000.0,7700.0,0.233,621.0,5.9,1
68800.0,27000.0,0.191,686.0,10.4,0
56300.0,26300.0,0.052,677.0,7.4,0
45400.0,7000.0,0.169,671.0,7.3,1
52900.0,16500.0,0.218,699.0,4.9,0
43800.0,5900.0,0.24,653.0,7.3,0
63300.0,6900.0,0.095,680.0,2.1,0
99100.0,28500.0,0.214,720.0,10.1,0
52200.0,12700.0,0.23,766.0,4.7,0
49900.0,26800.0,0.347,704.0,4.8,0
73600.0,7900.0,0.043,727.0,3.5,0
70200.0,29700.0,0.229,714.0,16.1,0
64300.0,30000.0,0.199,775.0,3.0,0
44800.0,13800.0,0.241,799.0,9.5,0
61400.0,21500.0,0.193,,1.3,0
79100.0,17700.0,0.097,720.0,5.9,0
38700.0,8800.0,0.341,698.0,7.1,0
52800.0,6700.0,0.433,770.0,6.8,1
31900.0,17600.0,0.138,544.0,4.1,0
39500.0,4500.0,0.168,645.0,4.9,0
32500.0,5500.0,0.124,,9.8,0
57100.0,26400.0,0.284,759.0,4.4,0
39800.0,13100.0,0.077,697.0,4.5,0
68200.0,24300.0,0.456,719.0,9.4,1
65500.0,16200.0,0.208,704.0,1.6,0
58100.0,10500.0,0.226,697.0,2.1,0
25700.0,12800.0,0.333,704.0,7.0,1
51300.0,8300.0,0.165,658.0,2.7,0
61000.0,15100.0,0.082,566.0,7.1,0
64500.0,30700.0,0.304,,10.3,1
36300.0,9000.0,0.258,678.0,11.8,0
52500.0,30200.0,0.278,649.0,6.6,0
44000.0,8300.0,0.109,647.0,3.9,0
46700.0,17000.0,0.17,755.0,3.2,1
89900.0,33200.0,0.326,639.0,3.6,1
46700.0,16400.0,0.339,622.0,7.9,0
61300.0,29900.0,0.2,718.0,15.0,0
84500.0,10400.0,0.138,680.0,2.3,0
50500.0,18800.0,0.192,608.0,7.4,1
59600.0,29500.0,0.249,625.0,8.9,1
64400.0,8100.0,0.199,622.0,1.6,0
63400.0,23700.0,0.172,702.0,9.2,0
40400.0,12900.0,0.137,712.0,5.2,0
63700.0,19300.0,0.26,760.0,4.9,0
99800.0,36800.0,0.21,678.0,5.0,0
36100.0,14900.0,0.075,,0.4,0
83800.0,37900.0,0.24,647.0,5.7,1
64600.0,35500.0,0.16,744.0,2.4,0
49500.0,21200.0,0.287,647.0,3.5,1
124900.0,74900.0,0.381,634.0,9.7,1
81000.0,35000.0,0.196,668.0,22.4,0
40700.0,9500.0,0.165,679.0,3.0,0
63600.0,11000.0,0.196,703.0,3.0,0
75900.0,10300.0,0.335,645.0,3.5,0
58000.0,13600.0,0.088,779.0,0.3,0
78700.0,12600.0,0.218,788.0,8.7,0
60600.0,26800.0,0.365,,7.5,1
78300.0,34800.0,0.316,689.0,2.8,0
102600.0,41700.0,0.439,624.0,3.1,1
48900.0,14200.0,0.255,665.0,18.1,1
66600.0,22100.0,0.284,680.0,5.3,1
52700.0,12100.0,0.056,665.0,4.1,0
64800.0,36200.0,0.285,696.0,6.5,1
40900.0,4400.0,0.285,690.0,8.7,0
50600.0,13200.0,0.187,605.0,1.1,1
57900.0,22400.0,0.077,568.0,6.5,0
84900.0,16200.0,0.247,577.0,2.6,1
92600.0,48800.0,0.203,749.0,4.1,0
39000.0,13300.0,0.126,670.0,7.6,0
46900.0,13400.0,0.179,685.0,1.7,0
77800.0,10200.0,0.183,762.0,6.6,0
30900.0,7400.0,0.246,624.0,8.9,0
52700.0,20800.0,0.121,704.0,0.3,0
59900.0,14400.0,0.259,643.0,3.3,1
96300.0,11800.0,0.307,691.0,2.6,1
78900.0,30800.0,0.286,575.0,8.0,1
55300.0,13900.0,0.098,658.0,6.1,1
54500.0,28500.0,0.253,676.0,14.1,1
56800.0,25300.0,0.314,687.0,7.8,1
105700.0,48700.0,0.253,600.0,6.4,0
53400.0,29100.0,0.153,667.0,10.4,1
55700.0,28100.0,0.109,730.0,5.6,0
70100.0,18600.0,0.094,675.0,1.8,0
59400.0,22800.0,0.179,728.0,3.2,1
57900.0,13300.0,0.093,718.0,5.1,0
42000.0,8400.0,0.137,694.0,2.8,0
61800.0,12500.0,0.176,660.0,4.1,0
53100.0,8300.0,0.212,685.0,6.4,0
93200.0,20500.0,0.072,628.0,1.5,0
77900.0,16500.0,0.3,718.0,5.0,0
61500.0,26800.0,0.128,699.0,7.7,0
78300.0,17700.0,0.133,747.0,12.2,0
55000.0,6800.0,0.287,807.0,4.3,0
89600.0,27800.0,0.165,728.0,8.3,0
61900.0,12400.0,0.04,712.0,0.7,0
76000.0,33800.0,0.053,691.0,7.0,0
39500.0,8300.0,0.238,728.0,5.9,0
70000.0,26500.0,0.246,758.0,6.9,0
34300.0,6400.0,0.338,665.0,5.0,1
30400.0,10400.0,0.217,609.0,4.6,0
55700.0,29700.0,0.312,,13.1,1
45200.0,11400.0,0.334,736.0,1.6,0
65700.0,23900.0,0.208,707.0,6.1,0
136000.0,43400.0,0.228,711.0,4.4,0
46300.0,6300.0,0.175,586.0,4.7,1
49800.0,5500.0,0.164,649.0,7.6,1
66600.0,34700.0,0.233,593.0,9.4,1
73700.0,19900.0,0.179,680.0,4.8,0
58300.0,25800.0,0.151,648.0,4.1,0
57700.0,17700.0,0.193,642.0,7.5,0
79300.0,41200.0,0.188,769.0,1.1,0
74400.0,14700.0,0.236,609.0,5.0,0
43200.0,14800.0,0.265,645.0,7.4,0
60300.0,22600.0,0.118,638.0,7.4,0
62800.0,31200.0,0.204,684.0,12.6,1
42900.0,4900.0,0.184,721.0,5.4,0
67900.0,19100.0,0.107,635.0,11.1,0
45900.0,15500.0,0.11,586.0,3.6,0
87100.0,34400.0,0.345,656.0,2.5,1
66300.0,11300.0,0.163,703.0,4.9,0
64000.0,23800.0,0.046,619.0,4.6,0
50400.0,22500.0,0.186,,3.2,0
59500.0,27800.0,0.084,623.0,9.1,1
30800.0,6500.0,0.015,644.0,9.3,0
41700.0,13400.0,0.363,655.0,7.2,0
70400.0,17500.0,0.249,788.0,11.4,0
29400.0,8600.0,0.176,724.0,6.4,1
83400.0,23500.0,0.12,700.0,6.9,0
33600.0,19200.0,0.138,623.0,5.5,0
80800.0,8600.0,0.38,617.0,4.0,0
46100.0,26500.0,0.164,680.0,7.2,0
81400.0,9500.0,0.116,770.0,1.8,0
64900.0,9000.0,0.244,754.0,2.1,0
36200.0,7300.0,0.244,688.0,5.8,1
96000.0,23400.0,0.24,641.0,7.2,0
102700.0,54300.0,0.437,581.0,3.5,1
60600.0,31500.0,0.204,655.0,8.0,0
56300.0,31900.0,0.253,,5.8,0
58600.0,17300.0,0.153,680.0,14.8,0
44100.0,4800.0,0.036,702.0,13.0,1
91100.0,37600.0,0.22,641.0,2.7,0
51300.0,28200.0,0.195,709.0,5.8,0
60900.0,9400.0,0.218,671.0,19.8,0
47000.0,24200.0,0.153,730.0,5.8,0
49800.0,5000.0,0.205,695.0,5.9,0
39600.0,18500.0,0.357,724.0,6.4,0
96300.0,33400.0,0.176,680.0,6.4,0
58700.0,32500.0,0.077,654.0,5.4,0
86900.0,46700.0,0.133,747.0,1.9,0
62300.0,7700.0,0.128,622.0,3.6,0
48600.0,17000.0,0.408,718.0,8.1,0
55300.0,12200.0,0.167,,6.0,0
51000.0,16300.0,0.12,680.0,8.7,0
62200.0,8300.0,0.365,696.0,8.1,0
54400.0,15200.0,0.31,651.0,4.2,1
55800.0,17000.0,0.411,623.0,3.6,1
38300.0,3900.0,0.23,628.0,3.1,1
46700.0,15800.0,0.208,617.0,8.6,1
110600.0,60500.0,0.321,682.0,4.8,0
49000.0,6400.0,0.072,698.0,5.4,0
42900.0,24600.0,0.378,676.0,9.5,1
69800.0,24100.0,0.335,593.0,8.4,1
101500.0,20800.0,0.304,680.0,3.5,1
37300.0,21800.0,0.177,,6.6,0
57600.0,19400.0,0.321,616.0,2.7,1
49700.0,15800.0,0.371,630.0,1.4,1
33500.0,9700.0,0.166,732.0,2.2,0
80200.0,43400.0,0.167,671.0,6.3,0
61500.0,10100.0,0.09,741.0,14.7,0
63600.0,13100.0,0.172,,0.8,0
47600.0,11500.0,0.204,600.0,13.5,0
72700.0,9500.0,0.204,678.0,6.8,0
51300.0,26800.0,0.157,677.0,1.4,0
59000.0,20300.0,0.216,697.0,4.6,1
42100.0,16900.0,0.088,633.0,6.7,0
40500.0,22000.0,0.096,655.0,4.5,1
98900.0,34400.0,0.126,794.0,4.7,0
51900.0,12400.0,0.189,649.0,0.3,0
68700.0,25100.0,0.035,769.0,6.7,0
61300.0,21500.0,0.156,617.0,4.7,1
53100.0,13200.0,0.244,693.0,3.5,0
51900.0,11200.0,0.124,701.0,3.9,0
77300.0,21600.0,0.083,729.0,4.5,0
55800.0,26100.0,0.239,680.0,3.4,0
58800.0,10700.0,0.129,644.0,7.1,0
62500.0,37400.0,0.093,686.0,18.3,0
93600.0,20400.0,0.162,597.0,16.9,0
78700.0,18600.0,0.312,541.0,6.3,1
70900.0,11400.0,0.179,594.0,6.8,0
50900.0,15100.0,0.317,768.0,3.9,0
38200.0,10900.0,0.21,727.0,2.2,0
86400.0,38100.0,0.284,784.0,9.5,0
87000.0,47700.0,0.349,708.0,14.9,0
59000.0,13200.0,0.305,598.0,10.5,0
74900.0,37800.0,0.188,625.0,0.6,1
81500.0,20700.0,0.439,,1.7,0
82900.0,25100.0,0.308,634.0,3.6,1
85600.0,14100.0,0.209,627.0,3.8,1
52900.0,28900.0,0.18,620.0,0.9,0
105400.0,30200.0,0.214,638.0,2.3,0
40100.0,18100.0,0.293,574.0,2.8,1
83800.0,9500.0,0.237,704.0,7.4,0
73700.0,33100.0,0.19,640.0,2.4,0
84200.0,17900.0,0.206,751.0,4.4,0
119700.0,39000.0,0.263,773.0,2.1,0
104200.0,45500.0,0.128,,7.9,0
41500.0,7700.0,0.367,739.0,10.6,1
34300.0,12500.0,0.103,742.0,0.7,0
82500.0,42700.0,0.259,692.0,5.4,0
43500.0,7900.0,0.291,670.0,7.7,0
61700.0,20600.0,0.26,752.0,16.0,1
83200.0,16000.0,0.349,,4.3,1
34900.0,6000.0,0.298,670.0,8.1,0
29600.0,10200.0,0.275,652.0,8.7,0
67900.0,22300.0,0.331,681.0,3.1,1
63000.0,26600.0,0.388,733.0,2.4,0
56900.0,30100.0,0.465,719.0,2.2,1
62800.0,28500.0,0.235,647.0,1.3,0
45900.0,12300.0,0.097,672.0,4.5,0
36500.0,12500.0,0.043,690.0,3.4,0
58500.0,25600.0,0.215,,3.1,0
44100.0,22900.0,0.185,676.0,5.1,0
34900.0,15400.0,0.41,626.0,5.2,1
74000.0,26000.0,0.204,635.0,1.3,0
60700.0,10100.0,0.258,696.0,2.3,0
71500.0,38200.0,0.349,694.0,1.9,0
43900.0,10600.0,0.13,663.0,1.2,0
49200.0,14900.0,0.079,801.0,10.9,0
43700.0,23700.0,0.199,671.0,5.4,0
45500.0,9300.0,0.279,719.0,4.9,0
66400.0,37000.0,0.127,696.0,9.6,0
47100.0,10100.0,0.237,,3.1,0
70200.0,10100.0,0.242,718.0,1.0,1
69800.0,24900.0,0.057,741.0,5.9,0
126000.0,62700.0,0.109,681.0,3.0,0
38100.0,11500.0,0.125,708.0,10.2,0
84600.0,44100.0,0.265,838.0,6.7,0
60100.0,17900.0,0.152,632.0,1.9,1
61700.0,31300.0,0.369,669.0,1.0,1
37300.0,5800.0,0.136,712.0,10.1,0
52800.0,12800.0,0.143,,8.4,0
80400.0,13000.0,0.13,636.0,0.9,0
60200.0,28300.0,0.342,654.0,7.4,0
63800.0,21400.0,0.195,668.0,2.9,0
56000.0,24000.0,0.136,666.0,6.7,0
92900.0,20400.0,0.312,684.0,4.5,0
61500.0,28700.0,0.149,769.0,1.4,0
28700.0,17100.0,0.366,693.0,2.4,0
48700.0,6800.0,0.129,660.0,12.8,0
31100.0,8100.0,0.251,719.0,1.1,0
19900.0,10600.0,0.333,717.0,3.8,0
51500.0,27100.0,0.239,622.0,4.3,0
98900.0,53000.0,0.095,647.0,1.7,1
63000.0,13400.0,0.091,620.0,4.1,0
41100.0,15700.0,0.288,699.0,6.8,0
44600.0,6400.0,0.27,728.0,2.7,0
92100.0,29100.0,0.039,669.0,7.3,0
65500.0,25400.0,0.129,749.0,0.5,0
63100.0,14500.0,0.158,649.0,5.2,0
60900.0,18900.0,0.281,663.0,6.1,0
62800.0,17800.0,0.114,677.0,4.1,0
82200.0,11700.0,0.245,680.0,3.1,0
75200.0,10100.0,0.155,773.0,9.1,0
66900.0,32800.0,0.346,620.0,4.2,1
43000.0,4400.0,0.26,712.0,16.0,0
74100.0,43900.0,0.281,685.0,2.6,1
48800.0,26800.0,0.235,746.0,2.0,0
90900.0,54000.0,0.193,608.0,5.0,1
39700.0,19600.0,0.166,617.0,3.2,0
59100.0,6000.0,0.21,775.0,9.7,0
61800.0,9800.0,0.376,750.0,0.7,0
39000.0,10100.0,0.258,741.0,9.7,0
113300.0,21600.0,0.178,674.0,6.8,0
103400.0,13500.0,0.074,740.0,8.0,0
52700.0,29400.0,0.229,682.0,3.4,1
81200.0,45100.0,0.231,621.0,9.0,1
70800.0,34200.0,0.303,674.0,6.6,0
24800.0,5600.0,0.35,667.0,0.8,0
67700.0,35600.0,0.078,624.0,2.4,0
60700.0,30900.0,0.238,650.0,4.4,0
63800.0,16700.0,0.051,643.0,2.4,0
42500.0,7000.0,0.086,710.0,9.0,0
56400.0,9500.0,0.257,735.0,3.7,0
58200.0,17700.0,0.212,743.0,6.7,0
94000.0,48500.0,0.217,741.0,8.3,1
69700.0,9600.0,0.073,622.0,5.3,1
61900.0,19500.0,0.199,713.0,2.9,0
105900.0,29400.0,0.467,726.0,1.2,0
51000.0,27900.0,0.27,704.0,3.2,0
54100.0,9500.0,0.11,629.0,4.0,0
32800.0,14000.0,0.256,521.0,2.5,0
107400.0,28100.0,0.112,690.0,2.7,0
86900.0,36800.0,0.279,635.0,5.2,1
85500.0,43700.0,0.211,730.0,2.3,0
78400.0,40200.0,0.148,600.0,15.7,0
64400.0,33700.0,0.327,711.0,8.4,0
66900.0,16500.0,0.165,657.0,3.7,0
56800.0,13500.0,0.322,608.0,2.8,0
57700.0,9300.0,0.28,656.0,4.2,0
63200.0,14400.0,0.14,673.0,17.5,0
105200.0,16800.0,0.2,727.0,7.2,0
75300.0,37000.0,0.182,725.0,0.7,0
60700.0,7500.0,0.264,749.0,8.4,1
50600.0,9900.0,0.215,680.0,3.6,0
49600.0,24600.0,0.24,656.0,1.7,0
108600.0,52600.0,0.258,657.0,10.0,0
74000.0,43400.0,0.11,690.0,2.8,0
63500.0,18500.0,0.3,662.0,4.7,0
54900.0,6700.0,0.098,590.0,3.9,0
42100.0,21200.0,0.283,567.0,1.1,0
60600.0,14700.0,0.122,723.0,1.7,1
84200.0,41000.0,0.15,687.0,23.0,0
54000.0,5900.0,0.155,789.0,13.6,0
57300.0,6700.0,0.19,653.0,3.6,1
57400.0,22900.0,0.106,738.0,6.8,0
64400.0,28500.0,0.208,689.0,11.5,1
35500.0,13500.0,0.116,708.0,3.1,0
57100.0,20900.0,0.22,685.0,6.8,0
46000.0,18300.0,0.274,742.0,6.8,0
84500.0,14000.0,0.054,709.0,2.4,0
47300.0,6200.0,0.29,655.0,2.4,0
75900.0,20800.0,0.21,675.0,4.9,0
105700.0,39500.0,0.275,668.0,1.5,0
55600.0,12500.0,0.366,685.0,5.0,0
50200.0,9500.0,0.166,693.0,8.1,0
66300.0,21400.0,0.243,657.0,4.1,1
62000.0,18900.0,0.05,649.0,4.6,0
43800.0,10300.0,0.295,680.0,2.9,0
72900.0,41100.0,0.099,583.0,11.0,0
125500.0,71700.0,0.189,703.0,5.9,0
56600.0,7000.0,0.36,701.0,5.3,0
57800.0,19700.0,0.353,510.0,4.7,1
43000.0,9400.0,0.106,620.0,7.1,0
69300.0,18600.0,0.065,679.0,1.6,0
40100.0,4600.0,0.167,557.0,9.3,0
42100.0,5900.0,0.122,705.0,1.8,0
97000.0,11300.0,0.186,735.0,2.9,0
45200.0,7400.0,0.204,707.0,1.5,0
90500.0,38400.0,0.334,732.0,15.9,0
105700.0,14700.0,0.288,675.0,4.7,1
67900.0,36900.0,0.109,728.0,3.6,0
75300.0,37700.0,0.122,719.0,6.0,0
122800.0,28800.0,0.128,673.0,6.9,0
57900.0,25800.0,0.217,685.0,2.3,1
50400.0,29000.0,0.212,589.0,14.2,1
38600.0,6100.0,0.133,606.0,4.4,0
62900.0,23900.0,0.149,736.0,2.6,0
104000.0,34600.0,0.032,738.0,2.0,0
86700.0,22100.0,0.145,635.0,4.0,0
44600.0,10900.0,0.175,596.0,12.3,0
46000.0,6600.0,0.239,571.0,9.1,0
52000.0,22000.0,0.201,744.0,6.8,0
68700.0,13700.0,0.146,699.0,4.1,1
57700.0,18000.0,0.227,786.0,8.3,0
66800.0,37700.0,0.101,750.0,7.2,0
68800.0,18900.0,0.09,792.0,1.7,0
55800.0,14400.0,0.257,,1.5,0
61100.0,34600.0,0.166,649.0,4.1,0
66600.0,26100.0,0.461,662.0,12.9,1
60200.0,23200.0,0.052,741.0,4.0,0
73900.0,15600.0,0.175,602.0,6.5,0
119300.0,50200.0,0.232,712.0,1.4,0
76300.0,22100.0,0.39,657.0,16.3,0
63200.0,23500.0,0.118,751.0,7.2,0
34400.0,10300.0,0.171,649.0,2.6,0
71000.0,10000.0,0.443,640.0,0.4,1
31400.0,16900.0,0.426,,4.9,1
37900.0,16900.0,0.038,503.0,2.8,0
83600.0,48400.0,0.337,739.0,6.5,0
79400.0,20100.0,0.11,696.0,2.2,0
58800.0,14200.0,0.361,647.0,5.6,1
34100.0,5700.0,0.245,717.0,4.2,0
54400.0,13800.0,0.39,653.0,0.8,1
48900.0,12800.0,0.112,715.0,5.7,0
77500.0,14900.0,0.181,685.0,7.9,0
136600.0,31700.0,0.218,,3.5,0
66900.0,16500.0,0.169,627.0,11.9,0
47200.0,25000.0,0.238,643.0,10.5,0
41200.0,13300.0,0.276,782.0,3.4,0
60800.0,31000.0,0.142,697.0,4.3,1
58300.0,7300.0,0.107,,15.4,0
41400.0,8000.0,0.326,630.0,7.1,1
64600.0,37200.0,0.158,651.0,1.9,0
41400.0,5200.0,0.277,693.0,4.2,0
91500.0,12300.0,0.232,613.0,2.5,0
89900.0,32300.0,0.103,677.0,3.7,0
90600.0,22200.0,0.506,666.0,0.3,1
52500.0,10300.0,0.035,572.0,12.2,1
74200.0,30000.0,0.106,680.0,3.2,0
59200.0,23900.0,0.133,747.0,7.3,1
54100.0,10500.0,0.177,656.0,14.9,0
55100.0,20400.0,0.357,668.0,4.6,1
39300.0,12900.0,0.048,694.0,12.2,0
37400.0,19600.0,0.078,646.0,7.0,0
81900.0,11000.0,0.067,583.0,17.0,0
58000.0,12600.0,0.227,681.0,2.1,0
66900.0,25600.0,0.344,655.0,6.5,0
88000.0,10300.0,0.21,644.0,0.3,0
33800.0,17700.0,0.195,756.0,12.1,1
47100.0,27500.0,0.082,686.0,2.5,0
65900.0,17400.0,0.201,639.0,2.2,1
71100.0,34700.0,0.165,642.0,5.1,1
54300.0,12200.0,0.305,768.0,14.3,1
88900.0,51000.0,0.219,724.0,7.0,1
66700.0,13700.0,0.125,582.0,14.1,0
40500.0,4200.0,0.186,713.0,6.8,0
44800.0,6000.0,0.205,652.0,7.1,0
82200.0,27100.0,0.328,647.0,4.1,0
72900.0,8700.0,0.227,742.0,12.5,0
31900.0,18800.0,0.252,719.0,7.4,0
99400.0,41300.0,0.255,633.0,5.0,0
76400.0,29400.0,0.329,679.0,3.8,1
99200.0,41000.0,0.33,715.0,10.9,1
54200.0,16800.0,0.267,673.0,3.5,0
55900.0,30300.0,0.068,703.0,6.9,0
41800.0,19100.0,0.26,641.0,2.5,0
150700.0,47500.0,0.296,751.0,9.8,0
58300.0,14100.0,0.193,760.0,8.6,0
108100.0,18600.0,0.132,643.0,2.9,1
49400.0,12700.0,0.238,601.0,9.1,0
65700.0,18200.0,0.091,654.0,0.3,0
34500.0,4800.0,0.44,728.0,2.3,0
54200.0,30500.0,0.134,,9.9,0
87500.0,20000.0,0.188,677.0,1.9,0
40000.0,14800.0,0.424,690.0,8.9,1
90200.0,12000.0,0.273,598.0,2.3,1
69800.0,26200.0,0.128,677.0,0.8,0
43000.0,18200.0,0.187,674.0,4.5,0
52000.0,7300.0,0.217,645.0,2.6,0
52800.0,31000.0,0.287,723.0,9.7,0
60900.0,11100.0,0.098,644.0,10.1,0
51400.0,11900.0,0.315,644.0,3.4,0
46400.0,21700.0,0.33,718.0,4.9,1
55700.0,14900.0,0.115,715.0,11.9,0
43300.0,23300.0,0.11,684.0,14.2,0
39500.0,8700.0,0.264,693.0,2.1,0
61000.0,15700.0,0.116,701.0,1.3,0
84400.0,37700.0,0.209,698.0,13.6,0
36300.0,19200.0,0.252,626.0,14.6,0
62100.0,33700.0,0.259,726.0,0.7,0
49400.0,12100.0,0.262,791.0,2.5,0
44000.0,16100.0,0.145,,3.7,0
83600.0,25500.0,0.302,665.0,2.0,0
51700.0,22600.0,0.056,745.0,10.0,0
104700.0,22400.0,0.056,715.0,6.2,0
47200.0,24500.0,0.187,639.0,4.3,0
71000.0,32400.0,0.279,675.0,10.5,0
57300.0,10700.0,0.151,648.0,7.9,0
47600.0,12200.0,0.335,737.0,8.1,0
76200.0,20400.0,0.181,607.0,4.4,0
58700.0,33200.0,0.212,749.0,2.0,0
76600.0,25100.0,0.043,643.0,15.6,0
61000.0,24900.0,0.111,696.0,3.9,0
42400.0,24000.0,0.195,656.0,2.3,1
59800.0,17800.0,0.088,,4.4,0
63100.0,36200.0,0.245,744.0,1.7,0
86700.0,21300.0,0.11,715.0,1.6,0
45100.0,4800.0,0.307,613.0,5.7,0
61200.0,9300.0,0.143,666.0,0.6,0
33900.0,15100.0,0.207,687.0,4.9,0
77900.0,22600.0,0.244,784.0,4.4,0
42500.0,22000.0,0.183,652.0,4.8,1
32900.0,12100.0,0.207,658.0,13.9,0
60700.0,26900.0,0.205,637.0,3.0,0
91300.0,25200.0,0.221,677.0,4.0,0
36400.0,14300.0,0.053,716.0,4.7,0
42400.0,19000.0,0.078,625.0,1.5,0
47800.0,13800.0,0.244,758.0,4.5,0
41800.0,14400.0,0.422,750.0,14.0,0
70800.0,36900.0,0.131,724.0,4.6,0
46700.0,26400.0,0.274,714.0,3.2,1
48200.0,13300.0,0.086,815.0,12.5,0
76000.0,10100.0,0.057,621.0,3.6,0
47600.0,24800.0,0.423,650.0,1.2,1
72100.0,23300.0,0.094,799.0,6.4,0
44100.0,25800.0,0.332,612.0,16.0,1
40600.0,19500.0,0.148,697.0,6.1,0
32600.0,9300.0,0.103,671.0,5.2,0
118900.0,62400.0,0.14,628.0,3.9,0
55400.0,20700.0,0.172,628.0,3.9,0
67500.0,30800.0,0.204,668.0,2.1,0
61300.0,33300.0,0.203,695.0,8.0,0
65600.0,25600.0,0.405,707.0,2.7,0
63100.0,36200.0,0.314,713.0,8.0,0
120900.0,36200.0,0.2,684.0,4.8,0
43100.0,12500.0,0.349,682.0,1.7,0
35900.0,15100.0,0.237,680.0,9.1,0
43500.0,13200.0,0.178,645.0,6.5,0
38900.0,17600.0,0.086,606.0,3.4,0
80500.0,29400.0,0.277,726.0,15.0,0
82600.0,38900.0,0.097,565.0,7.4,0
44300.0,22700.0,0.26,,6.3,0
38100.0,14600.0,0.157,751.0,2.5,0
54800.0,30500.0,0.335,611.0,4.6,1
100900.0,49500.0,0.069,557.0,5.7,0
23100.0,12200.0,0.241,633.0,9.9,0
74500.0,8200.0,0.267,697.0,10.0,0
42500.0,4600.0,0.14,626.0,8.6,0
89200.0,37200.0,0.271,737.0,2.6,0
42500.0,11300.0,0.072,715.0,1.4,0
56100.0,30100.0,0.212,625.0,3.9,0
36600.0,10800.0,0.222,,5.6,0
44000.0,20800.0,0.142,680.0,3.8,1
100700.0,22500.0,0.133,655.0,3.5,0
82600.0,34300.0,0.06,692.0,4.4,0
53900.0,29700.0,0.236,753.0,10.1,1
45700.0,24300.0,0.108,724.0,2.6,0
32000.0,9100.0,0.48,763.0,3.3,1
54000.0,18400.0,0.2,600.0,5.9,0
61300.0,22500.0,0.286,850.0,5.7,0
60200.0,16400.0,0.376,631.0,8.6,1
60000.0,20500.0,0.152,680.0,5.4,0
41900.0,24400.0,0.176,767.0,1.1,0
60600.0,32700.0,0.139,708.0,3.2,0
61200.0,15700.0,0.223,747.0,1.2,0
97400.0,43000.0,0.383,612.0,3.0,1
119200.0,68400.0,0.196,617.0,8.2,0
59100.0,16600.0,0.284,655.0,9.0,0
47400.0,24800.0,0.404,648.0,4.6,1
60600.0,30200.0,0.276,,4.5,0
50100.0,27200.0,0.35,662.0,20.8,1
47800.0,6800.0,0.092,615.0,4.6,0
60700.0,34100.0,0.084,692.0,4.1,0
43000.0,25400.0,0.156,602.0,6.1,0
76700.0,16900.0,0.227,641.0,6.0,0
59800.0,24900.0,0.126,697.0,2.2,0
67700.0,9800.0,0.193,630.0,12.0,0
58200.0,23300.0,0.08,679.0,6.3,0
48100.0,21900.0,0.211,716.0,7.0,0
44500.0,21000.0,0.158,762.0,8.9,0
57100.0,30200.0,0.434,747.0,1.9,1
51200.0,12600.0,0.224,729.0,1.1,0
67300.0,10600.0,0.213,707.0,4.2,0
61900.0,31500.0,0.357,680.0,1.4,1
38500.0,4300.0,0.115,632.0,7.6,0
63500.0,13800.0,0.138,631.0,1.5,0
38800.0,8500.0,0.105,649.0,3.3,0
50000.0,24400.0,0.194,672.0,2.4,0
55900.0,17900.0,0.246,627.0,8.8,0
30000.0,15600.0,0.289,655.0,11.9,0
64000.0,27800.0,0.128,742.0,2.7,0
65400.0,34100.0,0.196,655.0,4.0,0
58700.0,28900.0,0.138,572.0,1.9,0
53400.0,28800.0,0.065,664.0,2.5,0
54400.0,13000.0,0.089,671.0,2.6,0
44100.0,12200.0,0.243,,3.6,0
56400.0,23400.0,0.319,798.0,14.7,0
51100.0,20000.0,0.119,731.0,13.1,0
64000.0,31300.0,0.23,774.0,0.4,0
40700.0,20500.0,0.248,645.0,1.2,0
67300.0,17000.0,0.12,722.0,3.1,0
65200.0,10500.0,0.197,693.0,12.1,0
59000.0,27800.0,0.147,674.0,2.0,0
53200.0,23600.0,0.027,633.0,2.3,0
75200.0,17900.0,0.374,691.0,9.5,0
34600.0,4400.0,0.125,572.0,8.0,0
72800.0,8100.0,0.303,732.0,6.2,0
67500.0,15100.0,0.127,834.0,3.0,0
68500.0,16200.0,0.23,762.0,5.5,0
70900.0,14400.0,0.209,563.0,7.2,0
49300.0,6200.0,0.31,690.0,2.9,1
56600.0,10500.0,0.138,637.0,5.2,0
77500.0,21300.0,0.335,645.0,1.3,1
72100.0,10500.0,0.381,664.0,4.8,0
66700.0,13600.0,0.08,680.0,3.1,0
36500.0,11600.0,0.099,719.0,2.2,1
74800.0,39200.0,0.24,632.0,8.7,0
93400.0,50000.0,0.129,710.0,3.9,0
88300.0,26700.0,0.208,687.0,2.6,0
67300.0,11000.0,0.203,792.0,3.1,0
35900.0,8400.0,0.171,597.0,3.8,1
86200.0,37700.0,0.254,672.0,5.6,0
58900.0,17900.0,0.032,626.0,3.1,0
25600.0,9900.0,0.145,677.0,7.3,0
70800.0,33200.0,0.129,566.0,7.7,0
36800.0,15800.0,0.225,627.0,5.2,1
39400.0,20900.0,0.048,,1.9,0
49600.0,7100.0,0.206,645.0,2.1,0
96800.0,24000.0,0.25,630.0,4.2,0
54500.0,6400.0,0.322,672.0,3.5,1
68200.0,24600.0,0.103,647.0,16.1,0
114300.0,46600.0,0.13,627.0,3.1,0
108300.0,24600.0,0.154,665.0,10.4,0
59800.0,7600.0,0.255,680.0,1.5,1
57000.0,18900.0,0.176,696.0,1.4,0
39900.0,7300.0,0.304,582.0,5.0,1
48600.0,9600.0,0.169,656.0,0.9,0
72000.0,20900.0,0.33,,5.7,0
71200.0,40800.0,0.057,598.0,5.4,0
64400.0,18000.0,0.058,685.0,2.8,0
87800.0,39900.0,0.172,651.0,8.7,0
47300.0,13500.0,0.387,738.0,9.2,0
60800.0,18400.0,0.091,,1.4,0
80100.0,13600.0,0.145,693.0,12.6,0
76100.0,14600.0,0.192,650.0,2.9,0
90200.0,43800.0,0.199,591.0,12.2,0
71200.0,22400.0,0.166,649.0,2.2,0
55600.0,13500.0,0.146,632.0,9.5,1
70400.0,41800.0,0.249,680.0,3.6,0
43700.0,23600.0,0.163,,11.0,0
34900.0,8100.0,0.077,783.0,9.2,0
76000.0,24100.0,0.261,695.0,3.0,0
60800.0,23300.0,0.053,680.0,7.1,0
69100.0,12700.0,0.129,671.0,2.8,1
34200.0,10700.0,0.312,695.0,10.5,0
54600.0,13200.0,0.403,667.0,4.6,0
50300.0,25400.0,0.181,775.0,1.4,0
45800.0,6700.0,0.225,637.0,3.9,0
28200.0,16800.0,0.255,685.0,4.9,0
55100.0,12000.0,0.399,645.0,1.6,1
84900.0,22500.0,0.053,731.0,2.4,0
70800.0,9800.0,0.094,778.0,11.6,0
50200.0,27900.0,0.345,715.0,8.2,0
61700.0,31700.0,0.28,689.0,3.0,1
80800.0,10800.0,0.143,682.0,4.7,0
23600.0,8600.0,0.371,,7.7,0
59400.0,17500.0,0.38,653.0,6.8,1
75000.0,30200.0,0.276,770.0,5.6,0
78700.0,21100.0,0.123,776.0,2.5,0
112400.0,65000.0,0.307,735.0,7.0,0
92200.0,19300.0,0.369,724.0,5.2,0
69200.0,35300.0,0.191,657.0,4.1,0
68900.0,16100.0,0.093,780.0,3.1,0
81700.0,34700.0,0.192,604.0,4.5,0
51300.0,16100.0,0.236,640.0,4.0,0
61100.0,22200.0,0.054,796.0,6.1,0
85100.0,30700.0,0.035,657.0,17.1,0
123000.0,50800.0,0.215,635.0,5.8,0
58600.0,7900.0,0.238,589.0,4.3,1
61000.0,7900.0,0.3,737.0,0.4,0
66500.0,38900.0,0.259,745.0,4.4,0
99200.0,22500.0,0.215,692.0,4.2,0
61300.0,17100.0,0.157,591.0,4.8,0
103700.0,22800.0,0.29,676.0,19.2,0
44200.0,18700.0,0.166,638.0,4.1,1
58100.0,34400.0,0.223,730.0,13.1,0
57800.0,17400.0,0.278,680.0,6.7,0
81600.0,21300.0,0.091,705.0,13.7,0
89400.0,24600.0,0.059,704.0,4.4,0
36600.0,4200.0,0.349,765.0,7.5,0
45000.0,6500.0,0.168,774.0,5.9,0
69800.0,8700.0,0.124,616.0,5.4,0
49200.0,12900.0,0.231,706.0,9.0,0
36400.0,21600.0,0.226,617.0,2.3,1
89200.0,15200.0,0.109,639.0,16.5,0
73700.0,27600.0,0.182,680.0,7.7,0
73700.0,15000.0,0.23,621.0,4.7,0
52500.0,6200.0,0.169,672.0,3.5,0
88900.0,46100.0,0.196,749.0,10.6,0
57000.0,9300.0,0.157,707.0,3.9,0
91000.0,15200.0,0.126,592.0,0.7,0
45100.0,22900.0,0.449,676.0,4.1,1
46000.0,10200.0,0.065,669.0,1.9,0
66600.0,13300.0,0.236,633.0,4.2,0
48500.0,27700.0,0.163,793.0,6.0,0
78500.0,15500.0,0.249,685.0,6.3,0
67900.0,35000.0,0.224,685.0,12.6,0
44900.0,11400.0,0.157,738.0,13.7,0
63600.0,24300.0,0.092,691.0,2.8,0
54800.0,14000.0,0.039,610.0,2.6,0
85400.0,23000.0,0.144,683.0,7.5,0
49700.0,28100.0,0.15,706.0,0.8,0
53200.0,29500.0,0.385,691.0,6.9,1
94700.0,17700.0,0.059,740.0,10.3,0
135700.0,62700.0,0.248,730.0,7.4,0
124800.0,21200.0,0.377,711.0,3.4,0
63400.0,15800.0,0.116,674.0,8.6,0
66900.0,9100.0,0.279,685.0,17.7,0
106000.0,44900.0,0.21,789.0,7.8,0
59400.0,27500.0,0.333,594.0,1.3,1
44100.0,20900.0,0.222,745.0,18.7,0
64600.0,31500.0,0.171,708.0,0.7,0
72600.0,21600.0,0.044,646.0,11.4,0
46400.0,8800.0,0.218,683.0,5.7,0
34800.0,3600.0,0.481,717.0,1.9,0
37500.0,12000.0,0.177,607.0,2.7,1
78300.0,44400.0,0.263,680.0,1.1,1
47500.0,15400.0,0.263,715.0,10.2,0
59000.0,24100.0,0.365,635.0,8.3,1
66800.0,37300.0,0.103,691.0,7.8,0
77000.0,40900.0,0.23,760.0,5.2,0
55100.0,25900.0,0.236,695.0,9.0,0
73800.0,29200.0,0.18,637.0,0.5,0
45400.0,9800.0,0.146,598.0,2.7,0
54600.0,25900.0,0.129,588.0,5.5,0
43300.0,13400.0,0.292,737.0,7.0,0
92100.0,41700.0,0.055,673.0,3.2,0
61400.0,13000.0,0.119,680.0,6.9,0
47900.0,27300.0,0.346,672.0,2.2,0
54800.0,10000.0,0.193,644.0,10.0,0
57400.0,28400.0,0.089,779.0,5.9,0
79200.0,43200.0,0.359,722.0,1.0,0
35500.0,6200.0,0.136,765.0,2.1,0
43100.0,23000.0,0.223,680.0,3.5,0
54300.0,22900.0,0.318,717.0,11.4,0
150400.0,60400.0,0.29,720.0,2.6,0
86600.0,19700.0,0.184,623.0,5.2,0
59600.0,15700.0,0.221,637.0,9.5,0
79500.0,17300.0,0.329,640.0,5.0,1
127400.0,40900.0,0.112,739.0,1.5,0
57100.0,24200.0,0.243,696.0,11.5,1
54500.0,25300.0,0.119,645.0,1.3,0
94800.0,42900.0,0.182,722.0,6.5,0
73700.0,20200.0,0.275,648.0,11.1,0
78400.0,21000.0,0.187,691.0,6.4,0
51900.0,25000.0,0.218,680.0,4.8,0
121600.0,71400.0,0.092,638.0,7.3,0
112800.0,23800.0,0.105,680.0,4.0,0
75600.0,23200.0,0.215,687.0,9.3,0
78800.0,18800.0,0.26,560.0,5.9,0
30500.0,17900.0,0.282,674.0,11.8,0
77500.0,8400.0,0.183,765.0,17.3,0
57900.0,31600.0,0.176,563.0,4.1,0
72200.0,34900.0,0.091,733.0,3.5,0
78700.0,20900.0,0.208,697.0,6.6,1
55000.0,24200.0,0.283,618.0,3.7,0
34300.0,9800.0,0.25,,11.4,0
70500.0,29500.0,0.196,623.0,8.1,0
47800.0,14900.0,0.1,601.0,4.0,0
55200.0,30800.0,0.178,705.0,5.3,0
50200.0,16500.0,0.234,699.0,9.5,0
55000.0,27800.0,0.169,586.0,2.2,1
27600.0,10700.0,0.253,655.0,5.4,0
94900.0,27200.0,0.244,,2.2,1
67700.0,39500.0,0.236,680.0,1.6,0
91500.0,18100.0,0.394,743.0,10.1,0
124000.0,68700.0,0.11,644.0,3.3,0
62500.0,36900.0,0.2,705.0,4.2,0
33000.0,17300.0,0.17,719.0,5.1,0
45300.0,18400.0,0.201,633.0,2.7,0
40600.0,16700.0,0.344,703.0,10.1,1
52000.0,29300.0,0.188,690.0,7.3,0
63800.0,20200.0,0.155,706.0,5.9,0
30800.0,15800.0,0.124,660.0,4.6,0
69900.0,34100.0,0.161,736.0,8.6,0
36500.0,19300.0,0.304,680.0,1.6,1
68800.0,22000.0,0.096,767.0,1.1,0
59700.0,25400.0,0.161,742.0,1.7,0
55600.0,8100.0,0.165,611.0,0.9,0
60400.0,8200.0,0.208,653.0,2.9,0
51300.0,7900.0,0.27,707.0,1.0,0
50000.0,23400.0,0.381,738.0,1.0,0
34400.0,9500.0,0.119,646.0,2.2,0
61400.0,34000.0,0.312,685.0,2.4,0
118300.0,16500.0,0.189,,4.3,0
124000.0,23100.0,0.367,678.0,1.2,0
98500.0,51000.0,0.394,738.0,4.7,0
79400.0,24600.0,0.346,630.0,2.7,1
48900.0,10300.0,0.112,711.0,10.4,0
102700.0,50400.0,0.14,641.0,8.0,1
60800.0,13200.0,0.3,707.0,4.7,0
60500.0,35500.0,0.072,634.0,2.5,1
56000.0,13300.0,0.304,669.0,15.8,1
64000.0,33900.0,0.207,734.0,19.1,0
53200.0,18100.0,0.114,632.0,6.2,1
60200.0,34200.0,0.198,688.0,5.7,0
42400.0,10500.0,0.286,719.0,5.9,0
54400.0,30600.0,0.222,678.0,1.2,1
137700.0,34600.0,0.09,669.0,3.1,0
60500.0,19600.0,0.396,684.0,18.6,1
57000.0,23700.0,0.398,636.0,13.3,1
74700.0,28200.0,0.12,725.0,1.5,0
79400.0,34600.0,0.16,,2.0,0
42000.0,18800.0,0.207,778.0,6.4,0
57700.0,13500.0,0.116,699.0,14.7,0
85500.0,8900.0,0.103,743.0,7.9,0
68100.0,31400.0,0.394,657.0,2.7,1
64700.0,25900.0,0.209,710.0,3.5,0
106800.0,40800.0,0.107,635.0,4.5,0
48900.0,17000.0,0.132,697.0,4.0,0
63800.0,36000.0,0.313,667.0,14.2,1
51700.0,12800.0,0.295,736.0,6.4,0
104500.0,58100.0,0.096,575.0,10.9,0
31300.0,5800.0,0.133,675.0,4.9,0
49000.0,21900.0,0.032,668.0,3.7,0
51500.0,29400.0,0.159,720.0,1.2,0
78200.0,13800.0,0.391,,1.8,0
76700.0,37200.0,0.055,661.0,6.1,0
101000.0,23900.0,0.066,752.0,4.2,0
35700.0,4600.0,0.315,650.0,2.5,1
80600.0,25400.0,0.334,663.0,4.1,1
56000.0,25200.0,0.116,745.0,3.0,0
49100.0,11900.0,0.26,571.0,7.6,1
74900.0,43100.0,0.323,706.0,7.4,0
44900.0,4500.0,0.17,702.0,2.5,0
30000.0,7000.0,0.206,698.0,4.8,1
54500.0,14800.0,0.296,588.0,5.1,1
36700.0,10500.0,0.347,608.0,3.9,0
49400.0,12300.0,0.275,639.0,0.8,0
70600.0,7800.0,0.215,638.0,9.7,0
69200.0,14200.0,0.217,720.0,14.8,0
108000.0,24900.0,0.206,660.0,7.7,0
57800.0,25200.0,0.294,760.0,3.4,0
36300.0,10500.0,0.383,683.0,9.5,1
47600.0,22000.0,0.237,717.0,10.0,0
44900.0,14400.0,0.15,648.0,2.8,0
40500.0,10900.0,0.465,652.0,1.9,1
72200.0,13000.0,0.141,707.0,4.4,0
49500.0,10600.0,0.339,731.0,16.1,0
31000.0,17100.0,0.227,649.0,4.1,0
79100.0,25900.0,0.197,753.0,4.7,0
59600.0,15300.0,0.064,671.0,6.0,0
70200.0,14700.0,0.357,768.0,2.5,0
64300.0,34600.0,0.281,618.0,9.6,1
77300.0,34900.0,0.203,665.0,4.1,0
62800.0,28100.0,0.139,719.0,6.4,0
95600.0,48000.0,0.042,680.0,7.2,0
71900.0,15900.0,0.234,680.0,1.7,0
71100.0,33100.0,0.123,719.0,9.8,1
71600.0,9700.0,0.14,680.0,3.2,0
37200.0,16100.0,0.072,663.0,12.3,0
58500.0,15300.0,0.037,725.0,0.3,0
56600.0,24400.0,0.1,661.0,1.6,0
66700.0,14200.0,0.148,642.0,10.5,0
38500.0,10700.0,0.201,753.0,6.4,0
109800.0,47800.0,0.122,654.0,7.8,0
64300.0,36600.0,0.192,658.0,1.3,0
40600.0,11000.0,0.227,725.0,0.6,0
34100.0,6300.0,0.044,632.0,6.9,0
56200.0,9100.0,0.261,634.0,6.5,0
60100.0,26200.0,0.099,670.0,11.2,1
48200.0,26400.0,0.099,689.0,4.5,0
64000.0,6900.0,0.235,734.0,5.8,0
49500.0,13500.0,0.5,674.0,8.3,1
75200.0,13900.0,0.163,649.0,1.7,0
48100.0,27800.0,0.181,680.0,4.7,0
61200.0,10200.0,0.136,667.0,6.6,0
87300.0,11700.0,0.312,,8.4,1
152500.0,73800.0,0.188,743.0,3.0,0
43600.0,26100.0,0.19,598.0,3.4,1
52700.0,25700.0,0.348,589.0,2.7,1
46200.0,7300.0,0.094,584.0,0.9,0
81600.0,24800.0,0.185,671.0,7.5,1
41500.0,14900.0,0.292,707.0,7.4,0
52300.0,28700.0,0.228,770.0,6.0,0
61400.0,29300.0,0.269,597.0,3.3,1
44000.0,5700.0,0.364,692.0,0.4,0
44300.0,14500.0,0.179,650.0,4.9,1
52500.0,25700.0,0.148,770.0,1.2,0
29700.0,11000.0,0.249,702.0,0.8,0
37400.0,16200.0,0.318,765.0,9.0,0
53700.0,31300.0,0.141,682.0,5.9,0
65300.0,38500.0,0.253,741.0,2.1,1
58100.0,30100.0,0.184,703.0,13.7,0
33300.0,12900.0,0.175,649.0,9.0,1
52700.0,13400.0,0.161,734.0,3.7,0
82000.0,14700.0,0.144,667.0,2.3,0
75300.0,13800.0,0.379,,7.6,1
60300.0,25300.0,0.064,,3.1,0
45400.0,22100.0,0.33,617.0,2.5,1
77300.0,40900.0,0.136,712.0,1.3,0
50600.0,28200.0,0.173,766.0,4.3,0
41200.0,10000.0,0.077,699.0,10.6,0
46800.0,12500.0,0.179,713.0,7.6,0
102900.0,20400.0,0.381,617.0,3.9,1
67000.0,24900.0,0.112,641.0,10.3,0
93000.0,53300.0,0.161,652.0,10.9,0
52400.0,25100.0,0.297,,6.4,1
86100.0,27400.0,0.104,661.0,7.2,0
50200.0,9000.0,0.204,698.0,15.5,0
58700.0,30600.0,0.076,584.0,13.5,0
148000.0,81100.0,0.297,656.0,5.0,0
81100.0,39300.0,0.128,690.0,7.2,0
52000.0,12800.0,0.224,676.0,7.3,0
60200.0,17800.0,0.148,667.0,4.0,0
69500.0,27200.0,0.148,706.0,1.3,0
94700.0,52900.0,0.479,709.0,13.8,0
52200.0,11600.0,0.208,680.0,3.9,1
33700.0,10400.0,0.118,611.0,4.7,0
56200.0,7300.0,0.269,713.0,10.0,0
62300.0,6300.0,0.26,726.0,0.6,1
64400.0,14300.0,0.179,609.0,3.5,0
98300.0,49600.0,0.158,719.0,2.9,0
69300.0,30300.0,0.059,607.0,4.2,0
82400.0,27900.0,0.264,674.0,9.1,0
42200.0,12900.0,0.229,751.0,3.9,0
84000.0,19500.0,0.281,595.0,9.3,1
129100.0,62400.0,0.319,682.0,20.0,0
81300.0,28000.0,0.21,671.0,9.3,0
67800.0,9200.0,0.29,621.0,0.1,0
65400.0,27000.0,0.228,724.0,4.8,0
115900.0,69100.0,0.25,632.0,5.2,1
44800.0,6100.0,0.2,,3.8,0
59600.0,35700.0,0.169,623.0,10.1,0
72800.0,10900.0,0.054,706.0,9.3,0
80400.0,20400.0,0.37,712.0,1.5,0
53200.0,31300.0,0.228,756.0,2.8,0
69000.0,40400.0,0.182,669.0,15.0,0
56300.0,10800.0,0.367,637.0,10.8,1
64700.0,29800.0,0.436,763.0,0.6,0
59200.0,24100.0,0.209,649.0,2.9,1
41600.0,12400.0,0.198,719.0,2.1,0
61500.0,30200.0,0.145,770.0,3.4,0
84300.0,35200.0,0.244,725.0,2.0,0
44200.0,9400.0,0.213,583.0,5.0,0
57000.0,19700.0,0.13,625.0,6.5,0
78200.0,35600.0,0.214,639.0,7.1,0
42600.0,17500.0,0.239,680.0,10.7,0
66100.0,24600.0,0.145,640.0,3.3,0
42800.0,20100.0,0.349,723.0,3.2,1
92200.0,15400.0,0.094,693.0,9.4,0
139300.0,16900.0,0.062,690.0,2.9,0
125800.0,14600.0,0.308,680.0,1.2,0
57400.0,23500.0,0.32,641.0,2.2,1
80300.0,25500.0,0.09,756.0,13.1,0
64700.0,33500.0,0.249,688.0,2.9,0
64300.0,37700.0,0.251,763.0,4.1,0
106600.0,16600.0,0.215,632.0,0.7,0
39100.0,11300.0,0.102,589.0,5.3,1
89700.0,27800.0,0.145,757.0,8.2,0
60900.0,22700.0,0.097,618.0,7.8,0
101500.0,56300.0,0.039,687.0,10.7,0
66200.0,26500.0,0.025,661.0,4.5,0
49000.0,12400.0,0.322,672.0,2.7,0
68300.0,29500.0,0.118,663.0,7.2,0
80200.0,21200.0,0.031,621.0,3.8,0
62800.0,23700.0,0.28,615.0,7.0,0
73500.0,11000.0,0.233,692.0,2.2,1
51700.0,19700.0,0.129,642.0,8.1,0
29400.0,10000.0,0.159,680.0,11.7,0
85000.0,35900.0,0.181,685.0,3.1,0
79200.0,30400.0,0.181,756.0,4.1,0
65300.0,25200.0,0.231,654.0,4.6,1
63500.0,29800.0,0.238,724.0,9.0,0
89100.0,14900.0,0.161,648.0,2.8,0
52800.0,25100.0,0.34,629.0,1.1,1
48400.0,19900.0,0.308,667.0,5.7,0
58000.0,25800.0,0.11,669.0,3.1,0
94000.0,28200.0,0.148,821.0,2.6,1
38200.0,5400.0,0.252,607.0,5.2,0
94100.0,52800.0,0.136,644.0,10.1,0
49600.0,25500.0,0.143,719.0,3.6,0
42200.0,24800.0,0.161,671.0,17.3,0
96400.0,31800.0,0.062,688.0,4.7,0
59900.0,32500.0,0.349,722.0,5.2,1
39300.0,21100.0,0.21,672.0,7.7,0
54700.0,20500.0,0.3,641.0,8.2,0
85900.0,47300.0,0.203,606.0,2.1,1
94100.0,47700.0,0.155,676.0,2.5,0
53400.0,8100.0,0.238,709.0,9.2,0
71500.0,11900.0,0.286,691.0,0.5,0
79600.0,24200.0,0.12,,7.8,0
49500.0,18100.0,0.1,657.0,9.7,0
70200.0,29900.0,0.201,695.0,4.9,0
61300.0,23400.0,0.23,634.0,4.5,0
51400.0,27700.0,0.146,575.0,4.3,1
52200.0,26100.0,0.199,711.0,10.9,1
63500.0,9600.0,0.239,654.0,12.3,1
62700.0,16900.0,0.314,680.0,0.6,0
50900.0,27700.0,0.261,646.0,3.3,0
53400.0,25500.0,0.118,595.0,11.0,0
91500.0,9900.0,0.155,630.0,2.8,0
66800.0,27600.0,0.232,,5.8,1
84500.0,13800.0,0.318,,8.5,0
94400.0,33200.0,0.111,664.0,0.2,0
76200.0,45500.0,0.212,709.0,24.2,0
137300.0,18900.0,0.319,,6.5,0
46400.0,23700.0,0.26,704.0,1.9,1
82300.0,28100.0,0.169,671.0,7.4,1
55500.0,32700.0,0.258,641.0,3.1,0
118700.0,62900.0,0.182,625.0,6.0,1
112400.0,14900.0,0.23,559.0,4.5,1
31300.0,13200.0,0.208,711.0,4.3,0
44200.0,23400.0,0.151,739.0,6.7,0
78200.0,18700.0,0.32,625.0,5.5,1
81700.0,37000.0,0.18,627.0,4.8,0
80200.0,18200.0,0.058,632.0,1.2,1
60500.0,12300.0,0.106,697.0,5.6,0
72700.0,19300.0,0.256,684.0,9.2,0
77900.0,19200.0,0.439,666.0,10.1,0
60300.0,35000.0,0.212,676.0,5.9,0
88800.0,19300.0,0.174,588.0,4.2,0
28100.0,8800.0,0.023,671.0,11.2,1
77400.0,26500.0,0.328,,8.7,0
43200.0,19200.0,0.27,705.0,2.0,1
86700.0,50700.0,0.13,,4.6,0
57200.0,23300.0,0.063,649.0,4.8,0
45400.0,24100.0,0.11,690.0,9.4,0
70700.0,11700.0,0.189,824.0,5.4,0
45100.0,19400.0,0.059,645.0,11.7,0
45000.0,8400.0,0.111,789.0,22.2,0
35800.0,19200.0,0.281,628.0,0.8,1
61400.0,24400.0,0.225,681.0,7.4,0
73800.0,12400.0,0.163,628.0,1.3,0
88700.0,46600.0,0.185,753.0,1.0,1
59000.0,21400.0,0.259,686.0,5.8,0
89500.0,30700.0,0.155,689.0,9.0,0
62400.0,8800.0,0.133,735.0,8.7,0
60000.0,33200.0,0.319,750.0,6.4,1
75800.0,27100.0,0.297,643.0,1.5,1
89800.0,47800.0,0.039,692.0,4.5,0
55000.0,7600.0,0.44,652.0,12.7,0
56900.0,25000.0,0.177,742.0,18.5,0
58600.0,16900.0,0.311,564.0,9.7,1
63800.0,23500.0,0.379,798.0,4.3,0
45200.0,18600.0,0.367,667.0,5.4,1
88800.0,45500.0,0.132,566.0,4.4,1
53900.0,30300.0,0.06,694.0,2.6,0
72900.0,13400.0,0.128,633.0,6.0,0
46400.0,24600.0,0.265,681.0,6.8,0
70300.0,11100.0,0.32,686.0,2.7,1
71100.0,7500.0,0.254,737.0,0.9,0
53500.0,13400.0,0.254,579.0,17.2,1
125800.0,30500.0,0.425,701.0,8.1,0
70600.0,34300.0,0.303,742.0,5.6,0
115500.0,43900.0,0.107,608.0,6.5,0
86700.0,25500.0,0.168,720.0,6.4,0
49200.0,24400.0,0.35,723.0,9.5,0
54200.0,30800.0,0.196,650.0,5.4,0
72200.0,30400.0,0.26,575.0,10.2,0
63300.0,27000.0,0.122,688.0,4.3,0
63100.0,33500.0,0.405,653.0,6.3,1
56100.0,13800.0,0.217,764.0,6.7,0
32900.0,19700.0,0.121,667.0,2.7,0
57300.0,10800.0,0.319,718.0,12.2,1
28500.0,3500.0,0.239,698.0,3.9,0
70600.0,36100.0,0.032,690.0,2.7,0
48100.0,9000.0,0.141,612.0,6.7,0
48300.0,12900.0,0.195,640.0,6.5,1
57400.0,20500.0,0.31,685.0,7.1,1
68200.0,10600.0,0.075,675.0,18.6,0
37600.0,11700.0,0.193,674.0,4.7,0
33600.0,9300.0,0.264,721.0,4.9,0
42700.0,6100.0,0.296,682.0,0.7,1
30300.0,12200.0,0.38,718.0,1.5,1
44200.0,14400.0,0.172,684.0,4.6,0
108200.0,19500.0,0.124,700.0,4.1,0
42800.0,21100.0,0.321,680.0,8.4,0
77900.0,23800.0,0.374,,8.1,1
38400.0,4300.0,0.215,726.0,1.5,0
68800.0,37100.0,0.29,727.0,5.7,0
55400.0,16900.0,0.289,715.0,5.3,1
60700.0,8900.0,0.304,635.0,10.1,0
75700.0,18500.0,0.211,739.0,3.2,0
114600.0,26100.0,0.206,685.0,2.4,0
66400.0,8100.0,0.088,689.0,2.8,0
64800.0,17200.0,0.215,643.0,3.2,1
44100.0,8100.0,0.158,653.0,1.1,0
76000.0,15700.0,0.209,,9.1,0
56900.0,24900.0,0.381,699.0,6.2,1
83000.0,14900.0,0.278,642.0,7.0,1
61100.0,6800.0,0.186,678.0,2.8,0
114000.0,21600.0,0.493,650.0,5.4,0
31000.0,7700.0,0.226,610.0,8.7,0
55900.0,10200.0,0.241,682.0,4.9,1
84400.0,33600.0,0.115,686.0,9.9,0
54800.0,29600.0,0.036,683.0,5.8,0
47000.0,24200.0,0.239,518.0,3.1,1
56500.0,18900.0,0.183,736.0,8.7,0
38300.0,18900.0,0.037,679.0,13.2,0
64600.0,32000.0,0.295,627.0,12.1,1
145700.0,60800.0,0.123,783.0,3.5,0
92600.0,46400.0,0.159,681.0,10.1,0
42100.0,12200.0,0.059,720.0,8.2,0
45700.0,21700.0,0.216,686.0,4.3,0
53800.0,19400.0,0.114,553.0,3.3,1
88100.0,41300.0,0.032,745.0,7.7,0
46500.0,21800.0,0.186,617.0,4.2,0
48700.0,6500.0,0.172,738.0,5.4,0
84500.0,43700.0,0.166,672.0,4.6,0
83900.0,9900.0,0.186,633.0,6.3,0
54400.0,17100.0,0.29,546.0,3.3,1
41900.0,16600.0,0.286,654.0,6.1,0
36000.0,18400.0,0.14,624.0,4.6,0
48500.0,6200.0,0.182,,2.8,0
28400.0,12400.0,0.085,619.0,10.4,1
80600.0,22000.0,0.248,718.0,20.7,0
49700.0,6000.0,0.166,650.0,3.3,0
73400.0,19500.0,0.025,655.0,8.1,0
119200.0,50100.0,0.135,787.0,3.2,0
93500.0,13200.0,0.214,722.0,15.1,0
41400.0,21700.0,0.117,644.0,8.9,0
84000.0,10200.0,0.189,699.0,17.1,0
93000.0,20400.0,0.226,591.0,7.0,1
47700.0,12600.0,0.282,638.0,4.3,0
44400.0,5900.0,0.189,670.0,8.7,0
59700.0,33600.0,0.203,639.0,1.6,0
35400.0,20600.0,0.211,625.0,0.6,0
103700.0,57300.0,0.144,714.0,5.0,0
26700.0,5300.0,0.308,646.0,14.2,1
42100.0,21700.0,0.34,635.0,2.9,0
56400.0,15200.0,0.254,646.0,4.1,1
57300.0,14000.0,0.228,643.0,11.2,0
65700.0,29200.0,0.313,680.0,4.4,0
68200.0,9700.0,0.09,695.0,12.2,0
57500.0,5900.0,0.118,598.0,7.2,0
92300.0,52200.0,0.305,,9.5,0
29300.0,8100.0,0.042,737.0,8.2,0
62000.0,30800.0,0.153,663.0,4.7,1
48300.0,15100.0,0.36,625.0,4.2,1
64900.0,9500.0,0.147,680.0,1.7,0
67000.0,22600.0,0.288,648.0,2.6,1
45100.0,8400.0,0.042,707.0,3.0,0
49500.0,7000.0,0.282,677.0,6.1,0
81800.0,9000.0,0.353,748.0,13.8,0
70100.0,21100.0,0.156,591.0,1.3,0
48900.0,11200.0,0.143,645.0,6.5,1
126600.0,33900.0,0.195,694.0,6.7,0
139100.0,80800.0,0.198,652.0,3.9,0
37200.0,19100.0,0.219,656.0,5.0,0
68900.0,31200.0,0.173,616.0,1.7,0
149200.0,33100.0,0.232,782.0,3.9,1
81600.0,38800.0,0.183,669.0,12.9,0
67000.0,30100.0,0.363,716.0,2.1,0
57600.0,21000.0,0.275,637.0,21.3,0
51300.0,11300.0,0.217,654.0,5.2,0
57600.0,11700.0,0.176,680.0,1.9,0
51100.0,15800.0,0.278,767.0,4.9,0
80500.0,19200.0,0.196,753.0,0.1,0
53900.0,29200.0,0.057,791.0,5.1,0
53100.0,17700.0,0.353,761.0,19.4,0
40700.0,17900.0,0.252,,0.8,0
60900.0,33400.0,0.176,667.0,1.6,0
45300.0,18600.0,0.294,641.0,4.9,1
58200.0,10500.0,0.152,749.0,2.1,0
89300.0,23200.0,0.265,640.0,14.2,0
70500.0,39600.0,0.295,708.0,1.9,1
74000.0,9100.0,0.177,646.0,5.8,0
70200.0,14800.0,0.392,622.0,6.8,1
63300.0,25900.0,0.367,680.0,2.3,0
59300.0,31300.0,0.245,631.0,2.2,0
55700.0,28400.0,0.192,662.0,2.4,1
80900.0,37700.0,0.075,726.0,0.8,0
42400.0,19100.0,0.161,668.0,4.5,0
99100.0,28400.0,0.234,733.0,3.2,0
62700.0,8200.0,0.363,655.0,7.1,0
47700.0,19900.0,0.235,697.0,6.4,0
52200.0,7100.0,0.248,624.0,7.3,0
48900.0,24400.0,0.16,750.0,5.6,0
65600.0,10900.0,0.18,680.0,4.3,1
48200.0,5400.0,0.081,694.0,2.7,0
92500.0,55500.0,0.053,709.0,5.3,0
47200.0,8700.0,0.178,538.0,7.6,0
28000.0,10900.0,0.218,590.0,2.8,0
48000.0,6300.0,0.095,597.0,5.5,0
30700.0,18100.0,0.257,674.0,6.0,0
61100.0,6600.0,0.204,664.0,1.9,0
89800.0,39900.0,0.058,660.0,1.4,0
77800.0,40600.0,0.182,712.0,12.5,0
38800.0,9600.0,0.184,801.0,1.1,0
47500.0,4900.0,0.374,624.0,5.1,1
115500.0,13700.0,0.352,698.0,3.6,0
69300.0,9000.0,0.253,681.0,5.7,0
62100.0,29600.0,0.298,,1.2,1
89700.0,32700.0,0.167,564.0,9.2,0
146300.0,80200.0,0.284,591.0,12.1,0
97600.0,40600.0,0.212,621.0,11.9,1
65100.0,25800.0,0.214,620.0,2.1,0
70200.0,14100.0,0.206,691.0,5.2,0
76900.0,16300.0,0.176,653.0,11.7,0
50000.0,29500.0,0.232,680.0,4.6,0
42800.0,24700.0,0.053,638.0,2.1,0
63100.0,20100.0,0.043,591.0,0.8,0
44500.0,22100.0,0.328,637.0,5.6,1
60700.0,27900.0,0.193,668.0,4.9,0
64100.0,15300.0,0.11,636.0,3.3,0
140700.0,28100.0,0.154,744.0,1.0,0
46000.0,21800.0,0.243,799.0,1.3,0
59400.0,34500.0,0.174,,1.2,1
58500.0,34600.0,0.148,595.0,2.1,0
72300.0,20100.0,0.399,755.0,7.8,0
89400.0,11900.0,0.143,791.0,6.4,0
52200.0,13600.0,0.233,668.0,13.6,0
46500.0,6300.0,0.133,698.0,23.7,0
34900.0,20700.0,0.262,737.0,3.9,0
44800.0,11400.0,0.148,689.0,8.0,0
74800.0,39200.0,0.249,746.0,3.3,1
63000.0,14100.0,0.309,680.0,0.7,1
43500.0,25200.0,0.185,680.0,5.3,0
54400.0,18700.0,0.262,652.0,4.9,0
62700.0,32400.0,0.076,665.0,0.5,0
74000.0,29600.0,0.1,641.0,0.5,0
50400.0,24300.0,0.285,749.0,8.7,0
56800.0,7700.0,0.128,695.0,0.4,0
32800.0,4700.0,0.153,668.0,7.9,0
41400.0,11500.0,0.206,722.0,7.7,0
109200.0,58800.0,0.252,682.0,1.6,0
28800.0,16000.0,0.191,734.0,5.7,0
55100.0,25100.0,0.197,765.0,6.3,0
66900.0,26700.0,0.261,687.0,4.1,0
54400.0,6800.0,0.173,647.0,9.4,1
46700.0,26300.0,0.26,615.0,4.8,0
60700.0,26100.0,0.13,773.0,4.7,0
61900.0,25300.0,0.32,699.0,3.3,0
60200.0,31400.0,0.318,,11.6,0
32100.0,7000.0,0.158,673.0,1.0,0
58900.0,24100.0,0.215,617.0,4.1,1
46000.0,20300.0,0.153,750.0,4.3,0
51200.0,24500.0,0.037,695.0,9.3,0
67100.0,9900.0,0.118,658.0,3.5,1
77600.0,36000.0,0.122,599.0,16.2,0
84900.0,46800.0,0.416,792.0,6.1,0
52100.0,21600.0,0.146,685.0,0.3,0
85700.0,15900.0,0.241,558.0,3.1,1
93500.0,52300.0,0.148,647.0,4.9,0
92300.0,13900.0,0.129,676.0,11.2,0
100800.0,21700.0,0.067,686.0,3.2,0
58900.0,31100.0,0.142,619.0,4.3,0
58300.0,23000.0,0.23,740.0,3.9,0
82800.0,22200.0,0.204,709.0,16.3,0
38400.0,19300.0,0.101,680.0,8.1,0
66700.0,28300.0,0.206,642.0,7.5,0
51500.0,8200.0,0.138,582.0,11.8,0
54500.0,11800.0,0.304,653.0,7.1,0
33700.0,17000.0,0.167,667.0,5.2,1
45400.0,23000.0,0.174,614.0,13.3,1
61600.0,8400.0,0.165,694.0,4.9,0
84600.0,30500.0,0.306,721.0,1.6,0
87700.0,40000.0,0.239,652.0,7.4,1
60300.0,15800.0,0.211,656.0,5.0,0
58000.0,7600.0,0.207,677.0,2.7,1
46400.0,14300.0,0.162,767.0,6.1,0
71400.0,40500.0,0.298,755.0,5.4,0
56900.0,26500.0,0.228,589.0,3.6,1
76600.0,15800.0,0.37,651.0,19.7,0
114500.0,59800.0,0.3,815.0,13.7,0
61300.0,26600.0,0.225,660.0,9.0,0
36700.0,9000.0,0.208,772.0,1.0,0
45900.0,10800.0,0.281,705.0,2.0,0
37200.0,7000.0,0.334,746.0,4.6,0
40800.0,12300.0,0.209,659.0,7.5,0
97900.0,27400.0,0.202,683.0,8.5,1
67100.0,16300.0,0.23,707.0,1.9,1
36400.0,19500.0,0.269,677.0,5.2,0
77900.0,37400.0,0.252,675.0,4.8,1
96400.0,33400.0,0.126,755.0,3.1,0
54700.0,31800.0,0.089,669.0,2.8,0
48900.0,21400.0,0.181,749.0,13.9,0
55100.0,31700.0,0.445,646.0,0.9,1
68500.0,35100.0,0.147,661.0,7.2,0
77600.0,32400.0,0.011,717.0,1.9,0
93800.0,41900.0,0.106,706.0,19.9,0
94800.0,46200.0,0.096,730.0,1.2,0
93900.0,44900.0,0.129,680.0,10.4,0
99900.0,53600.0,0.083,677.0,2.4,0
78100.0,21100.0,0.093,653.0,2.6,0
36300.0,10200.0,0.232,594.0,2.7,1
59200.0,13200.0,0.15,656.0,10.9,0
69200.0,38800.0,0.139,734.0,4.4,0
54200.0,29900.0,0.35,675.0,2.7,0
85300.0,27400.0,0.388,689.0,3.3,0
54700.0,16400.0,0.33,745.0,14.7,0
44800.0,7400.0,0.121,629.0,1.5,0
102800.0,60400.0,0.115,697.0,2.9,0
78300.0,34100.0,0.395,648.0,1.5,1
66900.0,38900.0,0.107,680.0,7.0,0
85800.0,35700.0,0.315,600.0,3.6,1
89900.0,32100.0,0.19,660.0,5.0,0
69900.0,33200.0,0.117,651.0,2.2,0
26200.0,14200.0,0.211,660.0,4.7,0
48900.0,25500.0,0.241,648.0,3.6,0
52800.0,14400.0,0.148,779.0,4.5,0
43900.0,15500.0,0.107,667.0,2.9,0
66500.0,38100.0,0.363,671.0,0.1,1
94100.0,33200.0,0.131,601.0,4.4,0
52300.0,26200.0,0.166,607.0,4.2,1
41700.0,15100.0,0.265,638.0,1.9,0
126100.0,65100.0,0.419,613.0,2.6,1
52900.0,7100.0,0.199,706.0,4.3,0
40300.0,4100.0,0.227,647.0,9.2,0
67400.0,9800.0,0.21,654.0,7.5,0
72000.0,22900.0,0.243,671.0,5.6,0
48400.0,13700.0,0.055,630.0,1.2,0
81800.0,47400.0,0.111,,9.0,0
52300.0,31300.0,0.194,642.0,5.1,0
44900.0,7500.0,0.21,689.0,5.2,0
66000.0,34100.0,0.091,673.0,4.4,0
81200.0,28800.0,0.072,633.0,7.8,0
49700.0,25900.0,0.074,763.0,2.5,0
69600.0,19800.0,0.181,698.0,1.9,0
60000.0,29200.0,0.182,714.0,3.7,0
166600.0,17000.0,0.287,760.0,8.0,0
48400.0,16200.0,0.092,629.0,11.4,0
100600.0,26800.0,0.329,730.0,8.1,0
60900.0,13800.0,0.14,692.0,10.4,0
59300.0,14800.0,0.233,694.0,4.9,0
79800.0,24700.0,0.23,597.0,8.4,1
84800.0,29500.0,0.38,635.0,13.9,0
96600.0,35000.0,0.174,679.0,5.0,0
69600.0,32500.0,0.071,676.0,7.5,0
50200.0,25800.0,0.375,761.0,7.1,1
51400.0,29900.0,0.408,658.0,3.3,1
74100.0,32200.0,0.089,692.0,9.7,0
76000.0,17400.0,0.061,662.0,1.9,0
101100.0,39400.0,0.128,680.0,4.0,0
71800.0,22900.0,0.134,,4.8,1
89900.0,19600.0,0.102,684.0,6.4,0
105400.0,28100.0,0.246,771.0,2.4,0
65700.0,14100.0,0.189,745.0,5.0,0
36900.0,13600.0,0.122,650.0,6.6,0
41000.0,5500.0,0.191,631.0,3.9,0
37500.0,13900.0,0.133,677.0,4.6,0
108200.0,33100.0,0.167,649.0,0.9,0
46100.0,4800.0,0.098,810.0,1.5,0
95400.0,22700.0,0.065,724.0,2.1,0
76100.0,44600.0,0.294,676.0,3.2,0
113000.0,44000.0,0.23,650.0,2.0,0
88100.0,11700.0,0.176,622.0,7.0,0
59800.0,23300.0,0.229,674.0,9.6,0
57800.0,26100.0,0.15,542.0,16.3,0
63900.0,10700.0,0.226,658.0,1.4,0
65900.0,19900.0,0.221,655.0,6.0,0
51500.0,10700.0,0.11,760.0,17.2,0
61300.0,22800.0,0.177,586.0,7.6,0
108900.0,55700.0,0.235,727.0,2.8,0
34200.0,7500.0,0.195,,7.0,0
67900.0,11500.0,0.107,721.0,10.6,0
45100.0,7600.0,0.137,640.0,13.0,0
66200.0,27000.0,0.106,701.0,1.8,0
83200.0,11200.0,0.129,,11.8,0
60800.0,22100.0,0.205,815.0,5.1,0
81300.0,41100.0,0.177,636.0,9.3,0
35500.0,17200.0,0.03,672.0,2.5,0
91300.0,39700.0,0.107,674.0,7.2,0
50200.0,5300.0,0.184,648.0,2.0,0
77100.0,24400.0,0.345,674.0,7.5,0
66100.0,14700.0,0.154,681.0,7.9,0
25100.0,9000.0,0.104,661.0,0.7,0
47600.0,8400.0,0.078,588.0,6.5,0
67000.0,11200.0,0.24,693.0,6.0,0
106800.0,61500.0,0.18,602.0,1.9,1
68600.0,37100.0,0.094,675.0,5.8,0
67900.0,10100.0,0.147,733.0,6.5,0
37800.0,19400.0,0.356,612.0,3.0,1
102300.0,13600.0,0.186,680.0,3.9,0
116700.0,31400.0,0.209,680.0,4.7,0
62600.0,37400.0,0.026,677.0,12.3,0
57400.0,32700.0,0.207,655.0,2.1,0
35200.0,11700.0,0.131,680.0,14.7,0
84500.0,38100.0,0.076,716.0,1.6,0
159600.0,46500.0,0.218,626.0,1.9,0
79700.0,41800.0,0.096,671.0,18.5,0
96500.0,24900.0,0.313,718.0,1.6,0
75000.0,15200.0,0.365,648.0,6.4,0
43900.0,7600.0,0.198,616.0,6.1,0
99000.0,41100.0,0.124,720.0,3.9,0
40200.0,15200.0,0.182,716.0,8.2,0
57600.0,31800.0,0.247,730.0,7.0,0
68400.0,11900.0,0.182,679.0,10.6,0
84400.0,42400.0,0.275,645.0,8.8,0
71700.0,41000.0,0.315,760.0,8.7,0
71000.0,33600.0,0.237,746.0,11.5,0
47500.0,7500.0,0.017,722.0,1.7,0
39500.0,7000.0,0.07,653.0,3.8,0
63300.0,9100.0,0.187,686.0,6.5,0
48400.0,12900.0,0.273,633.0,16.3,0
39200.0,18800.0,0.221,624.0,1.4,0
39800.0,6900.0,0.177,685.0,5.0,0
52200.0,16900.0,0.293,697.0,0.8,1
32400.0,4000.0,0.162,709.0,20.7,0
38700.0,17000.0,0.133,685.0,7.6,0
35000.0,5200.0,0.109,788.0,10.4,0
66100.0,32800.0,0.209,628.0,2.5,0
71500.0,29100.0,0.157,749.0,10.0,0
125200.0,24400.0,0.239,658.0,6.9,1
36700.0,16500.0,0.121,730.0,6.7,0
48900.0,13400.0,0.135,631.0,19.1,0
85300.0,30900.0,0.251,797.0,8.1,0
57500.0,21800.0,0.289,756.0,1.5,0
55300.0,13000.0,0.155,595.0,5.8,0
112800.0,34800.0,0.255,749.0,5.3,0
55100.0,27200.0,0.033,690.0,10.5,0
41400.0,22000.0,0.094,728.0,14.9,0
39100.0,20500.0,0.102,680.0,2.5,0
69700.0,26800.0,0.089,673.0,7.4,0
69000.0,37000.0,0.098,607.0,1.8,0
38400.0,6500.0,0.101,656.0,3.5,0
43900.0,26000.0,0.229,680.0,1.7,0
74800.0,9200.0,0.232,592.0,1.3,0
75900.0,41700.0,0.234,629.0,6.2,0
49500.0,24500.0,0.066,681.0,5.2,1
77100.0,22700.0,0.133,705.0,0.4,0
75700.0,37500.0,0.095,657.0,5.7,1
33200.0,19200.0,0.173,755.0,3.4,0
55600.0,10100.0,0.322,654.0,7.5,0
71700.0,30500.0,0.095,714.0,3.1,0
50700.0,5200.0,0.148,751.0,10.6,0
29300.0,12700.0,0.245,640.0,5.1,0
56200.0,7300.0,0.227,743.0,4.7,0
80700.0,35000.0,0.275,674.0,2.9,1
107800.0,12200.0,0.26,636.0,4.1,0
28800.0,8700.0,0.248,767.0,14.6,0
154700.0,82500.0,0.237,769.0,1.8,0
41800.0,10600.0,0.296,665.0,0.9,0
86700.0,50700.0,0.365,739.0,3.3,1
95500.0,32100.0,0.065,734.0,7.1,0
87500.0,16700.0,0.409,681.0,10.8,0
65300.0,37100.0,0.083,799.0,8.2,0
41300.0,7300.0,0.162,676.0,2.9,0
77200.0,30600.0,0.184,647.0,0.1,0
48300.0,27600.0,0.48,684.0,2.5,0
25600.0,14600.0,0.218,677.0,2.5,0
166900.0,63100.0,0.068,659.0,1.3,0
79400.0,16400.0,0.143,667.0,2.5,0
117200.0,41100.0,0.208,611.0,8.3,0
45100.0,11100.0,0.029,715.0,1.3,0
103600.0,26600.0,0.279,680.0,4.2,1
108200.0,28000.0,0.286,741.0,3.8,0
106800.0,21500.0,0.22,720.0,1.6,0
61500.0,7300.0,0.124,662.0,3.9,0
40700.0,19300.0,0.246,662.0,13.4,0
58300.0,6200.0,0.072,648.0,8.8,0
28700.0,11100.0,0.182,683.0,28.7,0
34200.0,9700.0,0.214,776.0,12.7,0
64000.0,27200.0,0.118,700.0,6.0,0
43800.0,17100.0,0.253,680.0,11.8,1
58500.0,19900.0,0.168,776.0,4.4,0
59700.0,29200.0,0.182,,5.6,0
121900.0,47100.0,0.237,680.0,2.3,1
97600.0,53600.0,0.198,,6.5,0
61000.0,23900.0,0.256,719.0,6.2,0
94700.0,51000.0,0.308,747.0,1.7,0
47200.0,25100.0,0.185,716.0,4.9,1
55100.0,25000.0,0.085,712.0,3.1,0
85300.0,22600.0,0.177,720.0,14.4,0
40100.0,13800.0,0.19,724.0,1.2,0
56200.0,7800.0,0.196,801.0,0.2,0
39000.0,18000.0,0.033,621.0,5.8,0
64600.0,27300.0,0.179,557.0,7.6,0
109800.0,55900.0,0.175,668.0,7.7,0
47700.0,6800.0,0.232,604.0,4.1,0
67100.0,11000.0,0.404,692.0,5.8,0
45300.0,19200.0,0.242,620.0,5.1,0
41500.0,19300.0,0.12,685.0,6.2,0
40200.0,5500.0,0.14,742.0,6.9,0
103200.0,11900.0,0.186,656.0,8.9,0
141700.0,37200.0,0.409,644.0,3.7,1
73400.0,19800.0,0.053,725.0,0.7,0
48300.0,6100.0,0.235,643.0,3.2,0
79300.0,11800.0,0.127,679.0,7.8,0
55200.0,11100.0,0.117,675.0,7.0,0
82100.0,8800.0,0.161,,3.5,0
68600.0,11900.0,0.079,733.0,22.0,0
68400.0,7700.0,0.243,625.0,4.1,1
76700.0,21900.0,0.172,731.0,4.3,1
50600.0,24000.0,0.23,703.0,1.8,1
53800.0,23200.0,0.238,626.0,0.9,0
33900.0,13600.0,0.237,664.0,7.9,1
53100.0,17700.0,0.143,729.0,7.5,0
37700.0,7300.0,0.208,668.0,0.6,0
58900.0,7300.0,0.23,800.0,13.2,0
44300.0,8500.0,0.346,630.0,7.3,1
64200.0,36800.0,0.06,747.0,3.2,0
72700.0,36900.0,0.29,595.0,9.7,1
37700.0,14500.0,0.155,669.0,2.5,0
46600.0,18900.0,0.155,736.0,8.0,0
44600.0,21100.0,0.424,581.0,3.6,1
80500.0,41100.0,0.069,697.0,2.2,0
112700.0,24900.0,0.311,624.0,5.7,1
83500.0,41800.0,0.165,612.0,2.4,0
54900.0,23300.0,0.315,643.0,9.4,1
103500.0,24700.0,0.213,653.0,4.7,0
36500.0,8900.0,0.193,680.0,2.7,0
104800.0,19500.0,0.065,650.0,3.8,0
49300.0,18400.0,0.081,636.0,14.4,0
23400.0,13700.0,0.142,543.0,5.4,0
156800.0,77600.0,0.13,754.0,3.3,0
107700.0,19700.0,0.291,795.0,2.0,0
43200.0,6900.0,0.153,707.0,7.9,0
65800.0,15800.0,0.209,667.0,6.9,0
57500.0,10500.0,0.122,629.0,1.9,0
64300.0,11000.0,0.243,697.0,1.6,0
36900.0,17200.0,0.109,697.0,4.0,0
48800.0,12600.0,0.168,634.0,1.8,0
73000.0,27900.0,0.286,673.0,1.0,1
67000.0,17300.0,0.186,,6.0,0
94300.0,55900.0,0.114,698.0,1.7,0
63800.0,25300.0,0.088,679.0,2.2,0
141100.0,24000.0,0.118,689.0,7.8,0
48300.0,23600.0,0.253,643.0,4.0,1
67900.0,16600.0,0.263,679.0,7.6,0
31700.0,10400.0,0.147,686.0,3.0,0
40000.0,9700.0,0.172,642.0,1.3,0
98700.0,34000.0,0.048,676.0,9.4,0
44600.0,11300.0,0.159,731.0,6.7,0
74700.0,19400.0,0.048,738.0,3.8,0
60700.0,10900.0,0.119,565.0,6.6,0
43000.0,24900.0,0.074,605.0,6.8,0
54900.0,11200.0,0.167,680.0,1.1,1
51800.0,12500.0,0.282,705.0,1.2,0
52300.0,16000.0,0.124,706.0,7.7,0
80700.0,12800.0,0.171,607.0,3.7,0
77900.0,16700.0,0.083,686.0,4.3,0
50700.0,15400.0,0.127,713.0,9.6,0
45100.0,17700.0,0.323,705.0,2.3,1
68400.0,25200.0,0.18,,3.0,0
59900.0,17000.0,0.035,651.0,8.1,0
88900.0,39000.0,0.389,,4.6,1
157000.0,74200.0,0.103,692.0,4.7,0
83300.0,19400.0,0.076,752.0,1.0,0
61300.0,13500.0,0.179,560.0,9.6,1
58400.0,24100.0,0.216,650.0,10.6,1
45900.0,14000.0,0.19,680.0,3.5,0
45100.0,23200.0,0.386,,13.8,1
43600.0,4600.0,0.301,680.0,6.6,0
54000.0,20000.0,0.155,759.0,1.7,0
53400.0,14600.0,0.135,,1.9,1
80400.0,16600.0,0.131,700.0,4.8,0
53900.0,28800.0,0.324,785.0,6.4,0
57900.0,12100.0,0.18,613.0,14.7,0
40500.0,20000.0,0.227,575.0,4.9,0
110200.0,58100.0,0.186,738.0,4.9,1
74000.0,43200.0,0.171,656.0,7.8,0
116000.0,18300.0,0.291,679.0,4.7,1
81900.0,14600.0,0.025,686.0,6.0,0
104400.0,14800.0,0.034,748.0,9.4,0
56800.0,14800.0,0.24,680.0,2.8,0
79700.0,44100.0,0.242,680.0,3.2,0
159800.0,67400.0,0.118,723.0,23.0,0
40400.0,7200.0,0.26,681.0,3.1,0
93600.0,14300.0,0.042,738.0,9.7,0
112300.0,53300.0,0.377,698.0,2.1,1
71800.0,29600.0,0.197,677.0,0.9,0
81000.0,8200.0,0.114,844.0,11.6,0
97000.0,38200.0,0.178,,1.4,0
49000.0,9600.0,0.284,619.0,17.3,0
71800.0,17700.0,0.127,627.0,4.3,0
45400.0,6800.0,0.147,659.0,1.2,0
48700.0,29000.0,0.082,691.0,6.9,0
49700.0,16300.0,0.3,669.0,5.2,0
58900.0,24100.0,0.082,804.0,8.9,0
65300.0,13200.0,0.125,654.0,1.6,0
72900.0,21000.0,0.185,623.0,2.2,0
37300.0,15800.0,0.164,682.0,2.1,0
126000.0,59600.0,0.309,658.0,2.5,1
93800.0,51900.0,0.219,655.0,4.2,1
80400.0,18000.0,0.222,731.0,7.8,0
54500.0,12000.0,0.095,698.0,3.0,0
60000.0,18100.0,0.139,742.0,2.7,0
75500.0,19200.0,0.188,624.0,2.9,1
71900.0,36700.0,0.308,714.0,13.0,0
33900.0,9700.0,0.122,682.0,5.5,0
80900.0,23200.0,0.195,648.0,8.4,0
176400.0,62000.0,0.249,596.0,1.8,1
32000.0,12200.0,0.266,677.0,10.8,1
88600.0,24500.0,0.147,618.0,4.1,1
70800.0,7400.0,0.342,720.0,2.9,0
59600.0,27900.0,0.448,,6.1,1
101500.0,16000.0,0.052,707.0,5.2,0
40500.0,21300.0,0.363,832.0,1.5,0
65700.0,14700.0,0.165,749.0,11.0,0
104900.0,23900.0,0.09,572.0,0.7,1
57800.0,21300.0,0.188,713.0,13.3,0
53400.0,29600.0,0.294,692.0,3.3,0
64600.0,18800.0,0.371,692.0,2.6,1
52800.0,18000.0,0.391,654.0,2.0,0
108100.0,33200.0,0.427,730.0,21.3,1
44700.0,7000.0,0.206,529.0,9.9,1
84900.0,20700.0,0.193,609.0,3.9,0
39500.0,22100.0,0.295,714.0,6.6,0
78900.0,44900.0,0.227,691.0,4.1,0
59700.0,13600.0,0.282,730.0,6.7,0
24500.0,13700.0,0.134,660.0,11.8,0
61900.0,6700.0,0.171,652.0,3.7,1
42200.0,19400.0,0.264,723.0,3.0,0
52800.0,6000.0,0.202,690.0,16.5,1
107800.0,33700.0,0.269,587.0,6.2,1
41500.0,12700.0,0.169,732.0,13.9,0
42300.0,13400.0,0.26,622.0,3.0,1
104100.0,59400.0,0.252,728.0,6.3,1
64600.0,17800.0,0.474,691.0,4.9,1
108000.0,11800.0,0.208,712.0,0.6,0
69700.0,10800.0,0.218,736.0,2.9,0
45100.0,21400.0,0.253,626.0,4.2,0
60500.0,9900.0,0.297,716.0,5.6,0
96500.0,12500.0,0.213,677.0,5.7,0
87000.0,17200.0,0.165,667.0,2.6,0
62000.0,36500.0,0.13,680.0,4.9,1
63100.0,20300.0,0.419,653.0,5.1,1
59500.0,10400.0,0.111,,8.7,0
50400.0,21600.0,0.253,694.0,8.8,0
124200.0,35900.0,0.11,646.0,8.7,0
62200.0,23400.0,0.166,740.0,2.1,0
41300.0,24700.0,0.079,686.0,0.9,0
52200.0,23500.0,0.199,621.0,5.8,0
80500.0,29600.0,0.305,705.0,2.3,0
78100.0,46800.0,0.307,709.0,3.6,1
59000.0,20800.0,0.039,603.0,7.1,0
48700.0,15900.0,0.252,696.0,4.0,0
62500.0,32800.0,0.297,660.0,9.0,0
34000.0,19700.0,0.232,694.0,4.2,1
38800.0,17800.0,0.091,671.0,5.8,0
82700.0,23400.0,0.162,702.0,2.5,0
52200.0,15700.0,0.186,,2.1,0
71000.0,7400.0,0.226,557.0,8.0,0
96100.0,21100.0,0.136,685.0,3.3,0
78300.0,38200.0,0.296,710.0,8.7,0
62500.0,21500.0,0.351,720.0,12.1,0
133300.0,70400.0,0.205,748.0,2.9,0
78800.0,34300.0,0.278,699.0,8.5,0
54600.0,20900.0,0.254,752.0,2.2,0
80700.0,40600.0,0.136,727.0,7.5,0
71800.0,25100.0,0.325,655.0,15.5,1
45600.0,19800.0,0.259,643.0,5.3,1
63600.0,21900.0,0.175,750.0,4.4,0
58400.0,16100.0,0.218,719.0,7.9,0
30600.0,14800.0,0.073,586.0,8.5,0
58300.0,7900.0,0.367,623.0,2.7,1
56000.0,33000.0,0.167,,3.0,0
53000.0,30800.0,0.109,689.0,11.1,0
34300.0,17700.0,0.235,680.0,2.2,0
54600.0,18200.0,0.238,705.0,10.0,0
61100.0,19900.0,0.313,734.0,6.5,0
64300.0,19400.0,0.137,716.0,7.1,0
41200.0,13600.0,0.303,678.0,5.5,0
77800.0,16400.0,0.041,670.0,6.3,0
40000.0,20000.0,0.234,652.0,3.1,1
57200.0,30900.0,0.256,653.0,0.6,0
99200.0,34800.0,0.282,695.0,3.9,0
48300.0,25400.0,0.169,817.0,10.0,0
51600.0,12700.0,0.247,821.0,27.6,0
91200.0,48300.0,0.237,671.0,2.4,0
54000.0,31700.0,0.33,600.0,8.3,1
55700.0,24200.0,0.141,676.0,13.3,0
67100.0,39000.0,0.255,665.0,9.9,0
90400.0,41900.0,0.349,667.0,9.6,0
28100.0,12600.0,0.159,590.0,4.8,1
46000.0,15500.0,0.133,677.0,2.9,0
43200.0,5600.0,0.309,680.0,6.6,0
42000.0,6800.0,0.313,683.0,3.2,1
45600.0,23400.0,0.182,596.0,10.0,1
45900.0,8800.0,0.176,682.0,4.9,0
69100.0,30600.0,0.254,615.0,6.8,0
45100.0,8100.0,0.099,635.0,9.7,0
64800.0,30900.0,0.083,645.0,4.8,0
71600.0,41400.0,0.132,651.0,7.0,0
47700.0,19500.0,0.344,651.0,5.8,1
65000.0,7800.0,0.027,650.0,0.7,0
111500.0,52200.0,0.234,647.0,9.6,1
69600.0,23500.0,0.353,642.0,3.4,0
49300.0,26300.0,0.221,649.0,0.8,0
60600.0,10600.0,0.11,661.0,3.1,0
44700.0,10700.0,0.164,783.0,3.6,0
68300.0,38200.0,0.317,730.0,6.2,0
84400.0,43800.0,0.108,,10.1,0
46200.0,25600.0,0.376,606.0,3.8,1
57500.0,20700.0,0.272,742.0,5.0,0
92300.0,40400.0,0.118,680.0,4.9,0
51900.0,29400.0,0.298,699.0,4.9,0
66300.0,28500.0,0.189,743.0,1.0,0
43000.0,6200.0,0.112,577.0,7.1,0
46300.0,8200.0,0.222,647.0,11.8,0
51600.0,5200.0,0.11,691.0,16.0,0
132800.0,20700.0,0.191,756.0,2.2,0
53700.0,6100.0,0.144,676.0,11.5,0
51500.0,15100.0,0.17,685.0,4.5,0
50900.0,20800.0,0.18,678.0,9.5,0
58500.0,31000.0,0.39,678.0,1.3,1
78000.0,23700.0,0.153,689.0,2.7,0
66300.0,12000.0,0.212,649.0,4.4,0
127400.0,70600.0,0.1,642.0,1.2,1
66800.0,37300.0,0.36,660.0,1.1,1
102900.0,60600.0,0.186,714.0,1.0,0
68300.0,7600.0,0.262,744.0,5.6,0
76600.0,30300.0,0.141,688.0,4.4,0
37400.0,15500.0,0.009,666.0,12.6,0
59300.0,21800.0,0.301,747.0,4.8,0
60500.0,11700.0,0.468,711.0,1.6,1
56900.0,31900.0,0.249,720.0,0.9,1
29200.0,10800.0,0.277,674.0,4.7,0
84400.0,10000.0,0.165,658.0,15.6,0
54100.0,14800.0,0.214,707.0,11.3,0
53200.0,24700.0,0.276,672.0,6.8,1
56700.0,11400.0,0.016,744.0,3.0,0
57200.0,27900.0,0.217,633.0,6.1,1
71500.0,14700.0,0.253,698.0,3.3,0
39700.0,12600.0,0.261,682.0,3.7,0
44800.0,11000.0,0.068,625.0,6.5,0
68600.0,11200.0,0.125,661.0,3.4,0
65200.0,35300.0,0.028,624.0,3.1,0
54300.0,14700.0,0.136,661.0,3.4,0
50700.0,24100.0,0.377,666.0,13.1,0
46300.0,25300.0,0.259,824.0,2.7,0
60700.0,14700.0,0.286,624.0,6.7,1
93700.0,9600.0,0.187,716.0,5.3,0
42800.0,15500.0,0.185,656.0,16.9,0
105700.0,23000.0,0.151,700.0,1.3,0
83300.0,44700.0,0.208,662.0,4.9,0
52900.0,9600.0,0.284,637.0,5.8,0
81500.0,37500.0,0.294,758.0,3.5,0
37100.0,4200.0,0.146,741.0,3.2,0
33800.0,8000.0,0.079,586.0,11.4,0
39500.0,7800.0,0.148,680.0,8.7,0
53700.0,28200.0,0.285,661.0,4.5,0
55300.0,22100.0,0.115,594.0,11.6,0
51800.0,22300.0,0.116,690.0,8.6,0
64200.0,9100.0,0.249,708.0,3.2,0
29400.0,7500.0,0.329,683.0,5.1,1
73700.0,40300.0,0.089,706.0,0.5,0
37700.0,15300.0,0.107,777.0,5.2,0
49200.0,23600.0,0.27,656.0,7.7,0
53700.0,18800.0,0.164,748.0,6.8,0
41400.0,8400.0,0.397,799.0,6.6,0
38400.0,21400.0,0.251,523.0,4.0,0
43600.0,10100.0,0.103,668.0,9.9,0
61700.0,11400.0,0.259,754.0,4.8,0
76200.0,32300.0,0.146,699.0,3.6,0
75500.0,10800.0,0.243,648.0,2.6,1
43800.0,21100.0,0.159,758.0,5.9,0
47000.0,21400.0,0.277,729.0,5.7,1
44900.0,13100.0,0.135,594.0,4.6,0
72600.0,26000.0,0.163,726.0,6.8,0
30400.0,10400.0,0.367,671.0,4.8,0
95600.0,13100.0,0.142,,7.2,0
52300.0,7300.0,0.39,617.0,3.9,1
47100.0,13000.0,0.249,710.0,3.2,0
69800.0,7200.0,0.131,690.0,5.6,0
89000.0,17200.0,0.136,630.0,4.7,0
69900.0,19800.0,0.249,663.0,6.8,0
89600.0,37100.0,0.282,758.0,7.8,0
65000.0,23300.0,0.069,764.0,5.2,0
95300.0,17800.0,0.129,,3.1,0
95900.0,46000.0,0.109,709.0,10.0,0
59900.0,29800.0,0.215,665.0,2.5,0
102600.0,44300.0,0.084,653.0,2.9,0
65700.0,29200.0,0.175,695.0,10.7,0
63900.0,14500.0,0.233,764.0,6.9,0
44900.0,23300.0,0.303,711.0,4.0,0
56000.0,22000.0,0.147,629.0,2.6,0
81400.0,15400.0,0.306,684.0,4.6,0
39200.0,17300.0,0.041,706.0,3.2,0
77800.0,32200.0,0.153,742.0,1.5,0
70000.0,26900.0,0.045,678.0,12.3,1
68300.0,22900.0,0.213,,8.0,0
28600.0,13800.0,0.234,694.0,4.1,0
59800.0,27800.0,0.135,717.0,2.5,0
77800.0,30700.0,0.29,580.0,8.8,1
47500.0,6300.0,0.076,757.0,6.7,0
64000.0,13800.0,0.119,699.0,1.1,0
27000.0,15900.0,0.088,682.0,3.6,0
78400.0,23600.0,0.132,,10.7,0
49200.0,20500.0,0.095,696.0,6.8,0
84100.0,13900.0,0.337,680.0,3.4,0
32500.0,12500.0,0.202,649.0,0.8,1
79000.0,31900.0,0.316,593.0,9.2,0
57100.0,27500.0,0.128,680.0,1.6,0
82300.0,48100.0,0.159,680.0,3.2,0
44800.0,14700.0,0.128,679.0,7.1,0
49900.0,12800.0,0.182,599.0,4.7,0
135900.0,24400.0,0.098,705.0,1.9,0
46400.0,12400.0,0.308,716.0,10.0,0
48400.0,15600.0,0.238,500.0,2.0,1
56300.0,32800.0,0.108,690.0,4.8,0
43300.0,15400.0,0.192,723.0,2.2,0
94000.0,41100.0,0.171,633.0,2.7,0
113400.0,52900.0,0.13,566.0,3.3,1
48500.0,5200.0,0.371,687.0,1.1,0
33900.0,7300.0,0.052,798.0,0.5,0
93400.0,34600.0,0.113,,3.5,0
91400.0,11800.0,0.069,804.0,1.6,0
82700.0,14500.0,0.331,700.0,3.4,0
92900.0,44200.0,0.181,670.0,10.0,0
45800.0,20000.0,0.038,639.0,4.8,0
58400.0,9900.0,0.255,759.0,4.5,0
38200.0,6100.0,0.243,609.0,4.8,0
37700.0,19700.0,0.134,680.0,2.8,0
87400.0,29400.0,0.343,659.0,2.8,1
49000.0,12600.0,0.19,698.0,2.7,0
137700.0,63300.0,0.113,684.0,13.8,0
63600.0,27600.0,0.24,601.0,18.4,1
49600.0,29600.0,0.132,618.0,2.5,0
82000.0,12400.0,0.233,775.0,11.8,0
116500.0,56400.0,0.232,687.0,4.8,0
73500.0,24300.0,0.301,682.0,5.6,0
40500.0,9100.0,0.2,663.0,27.8,0
70600.0,24700.0,0.119,697.0,3.1,0
100300.0,11100.0,0.092,641.0,4.6,0
52200.0,8500.0,0.081,743.0,7.1,0
47300.0,7300.0,0.192,729.0,13.1,0
88500.0,39500.0,0.137,681.0,1.7,1
65100.0,29600.0,0.172,732.0,0.6,0
42200.0,9400.0,0.219,673.0,6.1,0
54300.0,13800.0,0.105,659.0,3.1,0
47600.0,23100.0,0.177,736.0,2.7,0
68800.0,20200.0,0.44,677.0,2.7,1
64400.0,17700.0,0.126,638.0,2.7,0
92700.0,53100.0,0.035,769.0,2.4,0
79500.0,29600.0,0.109,672.0,12.7,0
35900.0,13300.0,0.259,707.0,5.0,0
71500.0,29000.0,0.102,764.0,0.9,0
84900.0,10200.0,0.17,613.0,0.8,1
72700.0,21800.0,0.097,665.0,4.0,0
88900.0,43900.0,0.254,,4.0,0
51200.0,21800.0,0.092,666.0,0.1,0
44400.0,24200.0,0.121,658.0,5.7,0
85900.0,21900.0,0.127,674.0,2.5,0
42700.0,14400.0,0.245,666.0,4.8,0
29100.0,6300.0,0.214,,10.7,0
88800.0,17100.0,0.253,704.0,5.7,0
48100.0,7000.0,0.232,687.0,3.0,0
55700.0,11100.0,0.302,,2.2,0
38000.0,6900.0,0.099,700.0,1.7,0
39000.0,12500.0,0.101,773.0,9.8,0
41400.0,12600.0,0.096,690.0,4.6,0
54600.0,26300.0,0.216,680.0,7.6,0
70600.0,34500.0,0.301,675.0,4.3,0
27700.0,10300.0,0.2,,6.7,0
80700.0,34600.0,0.104,691.0,4.0,0
41000.0,13700.0,0.184,771.0,2.5,0
42700.0,10900.0,0.158,640.0,1.5,0
78600.0,27600.0,0.223,657.0,19.9,0
60400.0,25100.0,0.275,704.0,13.5,0
36200.0,20900.0,0.237,630.0,3.9,0
118200.0,60100.0,0.154,762.0,5.4,0
45900.0,6100.0,0.034,673.0,2.6,0
67600.0,28400.0,0.11,712.0,2.2,0
66500.0,9700.0,0.06,739.0,4.7,0
101600.0,41800.0,0.243,716.0,2.3,1
52900.0,27800.0,0.041,643.0,3.4,0
88200.0,39700.0,0.215,610.0,4.2,0
47800.0,7600.0,0.206,592.0,19.6,0
91800.0,28600.0,0.23,634.0,2.5,1
47500.0,9400.0,0.082,642.0,4.8,0
54600.0,23500.0,0.352,680.0,4.0,0
120400.0,54800.0,0.172,707.0,2.4,0
69300.0,32500.0,0.273,609.0,22.4,0
64400.0,17900.0,0.1,594.0,5.2,1
135900.0,54200.0,0.134,692.0,3.4,0
70400.0,14400.0,0.073,780.0,6.6,0
46600.0,26300.0,0.305,632.0,15.8,1
80200.0,45600.0,0.421,676.0,4.1,0
41000.0,4700.0,0.039,680.0,7.6,0
92000.0,35100.0,0.149,742.0,2.2,0
94600.0,43400.0,0.208,729.0,10.4,0
50700.0,10900.0,0.442,658.0,2.2,0
49800.0,5800.0,0.121,732.0,2.3,0
66000.0,6700.0,0.373,686.0,4.8,0
62300.0,28200.0,0.25,726.0,2.2,0
44000.0,4700.0,0.454,781.0,15.9,0
75600.0,22200.0,0.236,563.0,3.8,0
30300.0,15100.0,0.372,,1.3,1
53300.0,6700.0,0.277,609.0,1.0,0
53800.0,24400.0,0.096,615.0,1.8,1
56300.0,17800.0,0.246,688.0,5.9,0
69000.0,20300.0,0.168,689.0,6.7,0
40300.0,13800.0,0.257,777.0,13.5,0
76200.0,21000.0,0.151,759.0,7.3,0
58200.0,30900.0,0.153,680.0,4.6,0
49400.0,21500.0,0.237,675.0,8.0,0
38400.0,11300.0,0.243,718.0,8.3,0
41000.0,6600.0,0.125,705.0,7.4,0
70300.0,24800.0,0.074,656.0,13.6,0
44200.0,26500.0,0.215,719.0,3.2,0
63400.0,34600.0,0.04,,4.8,0
89900.0,12000.0,0.354,680.0,4.0,1
89000.0,24700.0,0.15,673.0,5.1,0
107000.0,35800.0,0.187,649.0,13.2,0
55900.0,16900.0,0.267,646.0,4.6,0
42400.0,6600.0,0.079,685.0,7.9,0
88600.0,17100.0,0.103,675.0,1.2,0
69100.0,25400.0,0.085,615.0,2.3,0
91900.0,42300.0,0.047,772.0,4.5,0
62200.0,28500.0,0.133,774.0,2.2,0
94200.0,41100.0,0.206,771.0,7.7,0
83400.0,36400.0,0.302,745.0,3.8,0
79700.0,8300.0,0.111,676.0,2.9,0
73900.0,15400.0,0.152,630.0,3.3,1
71300.0,19100.0,0.117,626.0,8.6,0
67300.0,15400.0,0.393,587.0,6.6,1
67100.0,19700.0,0.142,663.0,0.7,0
87700.0,26300.0,0.146,588.0,6.0,1
51800.0,14000.0,0.411,687.0,0.5,0
113800.0,12000.0,0.22,695.0,10.3,0
59700.0,31800.0,0.149,652.0,11.7,0
87500.0,50600.0,0.175,,4.9,0
60100.0,24500.0,0.253,677.0,1.9,0
56900.0,13500.0,0.077,712.0,3.8,0
126300.0,41100.0,0.167,663.0,3.5,0
55600.0,30900.0,0.114,772.0,8.8,0
39700.0,15900.0,0.346,633.0,9.9,1
48300.0,21700.0,0.263,680.0,5.9,0
55500.0,25000.0,0.131,655.0,2.3,0
131800.0,77800.0,0.047,670.0,14.7,0
66700.0,28500.0,0.242,692.0,7.3,0
86000.0,13300.0,0.285,710.0,1.6,0
43700.0,15400.0,0.143,663.0,3.0,0
70100.0,39300.0,0.14,766.0,13.6,0
78400.0,12900.0,0.134,580.0,2.2,0
116500.0,14600.0,0.279,680.0,8.5,0
48600.0,6100.0,0.237,683.0,3.0,0
76600.0,10300.0,0.272,607.0,9.2,0
68900.0,12500.0,0.123,603.0,4.4,0
43400.0,21100.0,0.296,686.0,8.0,0
61600.0,24600.0,0.279,742.0,1.2,0
56500.0,26300.0,0.343,701.0,3.0,0
27500.0,10400.0,0.273,675.0,6.7,1
76500.0,21200.0,0.04,663.0,5.9,0
74900.0,36900.0,0.299,653.0,16.0,1
53200.0,9800.0,0.127,658.0,5.1,0
38800.0,10900.0,0.228,714.0,2.8,0
104100.0,32000.0,0.144,737.0,4.2,0
68000.0,29900.0,0.081,709.0,0.3,0
88500.0,42500.0,0.174,642.0,3.5,0
101600.0,39000.0,0.069,710.0,6.4,0
51700.0,20900.0,0.162,,7.6,0
82400.0,19800.0,0.298,581.0,8.2,0
57000.0,22600.0,0.383,696.0,4.0,0
60700.0,31700.0,0.365,650.0,6.9,1
60200.0,19200.0,0.089,685.0,4.9,0
62000.0,29500.0,0.214,611.0,2.1,1
91600.0,32400.0,0.253,622.0,2.9,0
64700.0,23100.0,0.118,673.0,4.5,0
58800.0,23800.0,0.109,649.0,2.0,1
56300.0,9600.0,0.336,,6.9,0
69900.0,14500.0,0.181,631.0,3.5,0
45300.0,8500.0,0.133,702.0,3.0,0
52000.0,19100.0,0.072,,3.0,0
60900.0,26500.0,0.136,627.0,15.4,0
50900.0,23100.0,0.355,,9.1,0
59500.0,12200.0,0.169,655.0,4.3,0
50100.0,13400.0,0.274,692.0,5.3,0
125000.0,21600.0,0.145,738.0,2.3,0
98700.0,42100.0,0.318,692.0,5.1,1
72600.0,22500.0,0.295,672.0,2.4,1
60800.0,14400.0,0.166,622.0,4.7,0
133500.0,28400.0,0.365,738.0,2.3,0
69400.0,39900.0,0.126,766.0,2.8,0
60100.0,20500.0,0.104,576.0,5.4,1
68900.0,41000.0,0.179,,5.8,1
69000.0,18000.0,0.277,669.0,7.2,1
101600.0,21100.0,0.167,610.0,5.5,1
61600.0,28200.0,0.207,771.0,7.8,0
129300.0,71900.0,0.257,706.0,12.2,0
45500.0,8300.0,0.163,790.0,5.0,0
79000.0,41900.0,0.279,636.0,1.8,1
43700.0,17200.0,0.231,653.0,8.3,0
117100.0,64700.0,0.153,598.0,3.9,1
55200.0,31600.0,0.257,682.0,1.3,0
60800.0,19100.0,0.163,588.0,8.7,0
85700.0,48900.0,0.247,661.0,2.2,1
96200.0,18300.0,0.039,739.0,10.2,0
42000.0,13500.0,0.178,707.0,4.0,0
54900.0,17700.0,0.048,,4.4,0
38100.0,8500.0,0.045,685.0,1.8,0
65100.0,22300.0,0.205,719.0,5.1,0
59800.0,28500.0,0.148,672.0,0.5,0
54900.0,8500.0,0.192,611.0,1.1,1
48800.0,16600.0,0.098,704.0,6.6,0
54200.0,19700.0,0.117,675.0,5.6,1
47700.0,9500.0,0.233,636.0,2.4,0
74600.0,31400.0,0.211,619.0,1.6,0
105400.0,23900.0,0.173,743.0,3.0,1
31500.0,12100.0,0.129,590.0,1.8,0
59500.0,23000.0,0.27,634.0,4.7,1
53600.0,25400.0,0.255,697.0,0.4,0
73700.0,41800.0,0.325,711.0,5.1,0
44400.0,25000.0,0.097,691.0,5.8,1
58900.0,20700.0,0.223,597.0,2.5,1
43100.0,10000.0,0.168,736.0,7.3,0
79100.0,17500.0,0.149,672.0,5.4,0
64200.0,31700.0,0.207,600.0,13.8,0
58600.0,28100.0,0.337,736.0,5.6,0
70600.0,35100.0,0.263,,1.9,0
56900.0,29400.0,0.145,580.0,5.4,0
36000.0,13800.0,0.08,536.0,1.5,1
76400.0,41900.0,0.104,669.0,4.0,0
68600.0,29400.0,0.249,644.0,1.2,0
58700.0,24400.0,0.207,692.0,10.6,0
87500.0,45400.0,0.176,686.0,12.6,0
95000.0,40500.0,0.359,636.0,3.3,0
42300.0,20500.0,0.318,,1.5,0
47200.0,26700.0,0.11,690.0,4.2,0
106600.0,31700.0,0.211,621.0,3.9,0
101900.0,48500.0,0.325,720.0,0.6,0
47900.0,11900.0,0.156,689.0,5.4,0
41000.0,14100.0,0.102,668.0,6.2,0
49600.0,26600.0,0.139,697.0,3.6,0
52100.0,30600.0,0.193,680.0,2.2,0
35600.0,20400.0,0.181,635.0,5.2,1
62700.0,30000.0,0.036,672.0,5.5,0
39600.0,20800.0,0.404,628.0,1.6,0
40600.0,22000.0,0.363,759.0,7.0,0
85400.0,34600.0,0.148,691.0,5.9,0
48800.0,10800.0,0.125,717.0,9.9,0
60500.0,6600.0,0.261,774.0,4.7,0
77300.0,37100.0,0.114,755.0,9.0,0
82400.0,39600.0,0.184,791.0,5.0,0
55100.0,25600.0,0.196,633.0,2.2,0
63000.0,24600.0,0.336,767.0,10.7,0
46400.0,19900.0,0.403,,4.7,1
114300.0,52500.0,0.094,668.0,5.7,1
77800.0,28500.0,0.112,,10.9,0
42100.0,18100.0,0.014,684.0,2.0,0
62100.0,13200.0,0.221,,10.4,0
79600.0,29200.0,0.163,,2.2,0
73300.0,30400.0,0.204,761.0,11.7,0
117600.0,45200.0,0.121,562.0,2.7,0
100200.0,22900.0,0.125,601.0,4.9,0
51300.0,8400.0,0.191,610.0,10.5,1
60100.0,25700.0,0.261,695.0,6.2,0
39600.0,6200.0,0.064,686.0,7.9,0
67700.0,33700.0,0.162,700.0,6.4,0
65400.0,12500.0,0.086,781.0,5.1,0
159700.0,77600.0,0.247,681.0,5.4,0
64200.0,17800.0,0.27,604.0,4.6,1
29800.0,16400.0,0.086,703.0,3.9,0
49000.0,10400.0,0.088,777.0,2.1,0
64500.0,11500.0,0.159,786.0,4.4,0
39900.0,17500.0,0.108,677.0,12.8,0
45800.0,22300.0,0.228,688.0,2.0,0
54600.0,15000.0,0.162,680.0,9.7,0
69900.0,23500.0,0.042,712.0,11.2,0
58500.0,25200.0,0.18,672.0,3.4,0
45400.0,11200.0,0.107,655.0,2.2,0
81700.0,24100.0,0.291,763.0,2.9,0
51300.0,19700.0,0.173,762.0,8.6,0
52100.0,13100.0,0.049,681.0,3.1,0
38300.0,6600.0,0.268,649.0,6.5,0
47100.0,26100.0,0.276,647.0,3.3,0
77900.0,12600.0,0.202,619.0,11.7,0
35200.0,20900.0,0.492,614.0,11.4,1
60500.0,31600.0,0.125,665.0,4.1,0
79700.0,25800.0,0.055,641.0,3.0,0
54300.0,28800.0,0.087,695.0,11.7,0
67400.0,8900.0,0.385,653.0,1.4,0
41900.0,16000.0,0.247,631.0,6.1,0
98100.0,27200.0,0.084,659.0,5.2,0
91100.0,22800.0,0.181,546.0,3.2,1
67300.0,36800.0,0.128,699.0,6.5,0
33500.0,4000.0,0.219,667.0,4.6,0
43000.0,22800.0,0.121,680.0,7.6,0
87300.0,12200.0,0.156,656.0,1.6,0
112900.0,49500.0,0.153,672.0,7.7,0
68800.0,16700.0,0.084,631.0,7.0,0
95900.0,34900.0,0.095,791.0,2.0,0
50100.0,28200.0,0.1,695.0,10.9,1
58000.0,28900.0,0.071,745.0,5.8,0
62000.0,9300.0,0.201,662.0,2.7,0
71900.0,18200.0,0.327,711.0,3.6,0
36300.0,12500.0,0.098,629.0,9.1,0
86200.0,39500.0,0.092,647.0,1.3,0
98500.0,10100.0,0.219,664.0,7.3,0
41500.0,22100.0,0.246,632.0,8.8,1
38600.0,20100.0,0.525,719.0,19.3,0
70100.0,40500.0,0.119,724.0,2.7,0
49300.0,9900.0,0.11,743.0,2.9,0
27000.0,5600.0,0.091,631.0,1.8,0
82300.0,42500.0,0.196,648.0,8.9,0
65500.0,23400.0,0.219,677.0,6.7,0
52500.0,11700.0,0.067,714.0,19.6,0
129900.0,14100.0,0.222,612.0,8.6,0
65100.0,13600.0,0.117,665.0,7.2,1
47600.0,20800.0,0.294,734.0,2.6,0
64200.0,29900.0,0.347,684.0,12.9,0
43100.0,11900.0,0.118,673.0,2.0,1
47500.0,26500.0,0.15,619.0,8.3,0
71000.0,25200.0,0.139,661.0,0.8,0
51100.0,18300.0,0.11,716.0,1.4,0
52900.0,15700.0,0.132,733.0,7.5,0
111200.0,33500.0,0.089,589.0,10.9,0
83800.0,23400.0,0.249,700.0,3.3,1
82100.0,42100.0,0.15,680.0,3.6,0
74600.0,23900.0,0.209,629.0,2.6,0
73500.0,15900.0,0.168,777.0,1.8,0
103200.0,32800.0,0.203,714.0,5.0,0
61600.0,34700.0,0.333,621.0,11.2,1
118700.0,49800.0,0.25,624.0,3.1,0
44400.0,6800.0,0.102,688.0,13.0,0
56700.0,17600.0,0.399,599.0,4.0,1
38300.0,12800.0,0.1,667.0,6.5,0
55000.0,5900.0,0.11,704.0,4.5,0
74300.0,43100.0,0.148,607.0,6.3,1
103000.0,57500.0,0.163,687.0,0.4,1
49200.0,7400.0,0.197,701.0,5.3,0
62100.0,23400.0,0.231,643.0,6.0,1
54700.0,14000.0,0.195,697.0,7.3,0
47900.0,9900.0,0.119,713.0,4.4,0
40900.0,9700.0,0.226,700.0,1.1,0
63300.0,8000.0,0.405,642.0,2.3,1
33800.0,15000.0,0.272,723.0,18.0,0
64400.0,18200.0,0.437,660.0,0.6,1
62500.0,28100.0,0.192,,0.9,1
49300.0,25000.0,0.199,681.0,8.9,0
43500.0,16800.0,0.42,677.0,3.2,0
38200.0,10400.0,0.174,570.0,1.2,0
119400.0,20300.0,0.251,733.0,10.6,0
38800.0,16500.0,0.097,703.0,2.8,0
106900.0,46800.0,0.186,684.0,5.8,0
76500.0,37500.0,0.182,710.0,6.1,0
54600.0,9200.0,0.279,655.0,8.6,1
41400.0,5100.0,0.079,669.0,14.5,0
89300.0,48200.0,0.151,704.0,8.2,1
113600.0,45800.0,0.044,562.0,4.1,0
44700.0,6600.0,0.253,637.0,4.3,0
55800.0,25400.0,0.368,680.0,8.3,1
89600.0,11500.0,0.179,661.0,5.3,0
69700.0,29000.0,0.16,648.0,2.7,0
124900.0,47100.0,0.069,636.0,3.6,0
50800.0,23200.0,0.309,690.0,3.3,0
75000.0,11000.0,0.115,719.0,4.8,0
40000.0,22200.0,0.223,701.0,8.6,0
129100.0,73600.0,0.133,731.0,7.8,0
48000.0,28400.0,0.024,704.0,5.9,0
28600.0,13800.0,0.26,756.0,1.8,0
59300.0,15200.0,0.236,761.0,2.4,0
59000.0,34800.0,0.321,652.0,6.9,1
121200.0,49300.0,0.181,634.0,18.7,0
55100.0,25300.0,0.081,645.0,3.3,0
61700.0,26600.0,0.126,680.0,5.1,0
76300.0,15500.0,0.148,716.0,2.3,0
108000.0,56900.0,0.125,705.0,13.9,1
60600.0,25700.0,0.21,688.0,14.7,0
89200.0,18800.0,0.353,641.0,9.0,1
74300.0,21500.0,0.14,655.0,12.7,0
55900.0,9600.0,0.244,,5.3,0
63700.0,20200.0,0.297,689.0,6.1,1
62600.0,37200.0,0.188,516.0,9.5,0
45000.0,13100.0,0.236,690.0,5.0,1
94800.0,28200.0,0.127,,0.5,0
38200.0,19200.0,0.298,638.0,1.6,1
93400.0,13200.0,0.25,753.0,3.1,0
86600.0,13800.0,0.249,718.0,4.8,0
60000.0,28400.0,0.116,714.0,5.1,0
47400.0,7800.0,0.215,592.0,11.2,1
57300.0,23200.0,0.372,719.0,17.3,0
73200.0,37200.0,0.294,685.0,9.7,0
80400.0,30700.0,0.161,680.0,6.0,0
68500.0,9600.0,0.193,555.0,6.5,0
87700.0,17800.0,0.103,594.0,6.7,0
51000.0,18900.0,0.202,661.0,6.1,0
67300.0,38800.0,0.185,605.0,5.0,0
35800.0,15300.0,0.244,,8.8,0
81000.0,36300.0,0.088,617.0,4.6,1
65400.0,26000.0,0.257,717.0,1.1,0
53600.0,14100.0,0.112,696.0,15.5,0
93100.0,37600.0,0.177,828.0,3.7,0
79000.0,8300.0,0.117,680.0,7.2,0
23100.0,7100.0,0.278,757.0,7.0,0
62900.0,31800.0,0.21,680.0,8.8,1
37300.0,7500.0,0.122,616.0,1.2,0
90100.0,38200.0,0.168,696.0,1.6,0
148200.0,68200.0,0.231,746.0,14.0,0
51700.0,9200.0,0.112,649.0,3.4,0
63600.0,33600.0,0.343,680.0,1.7,1
56800.0,12600.0,0.236,709.0,4.7,0
70100.0,40800.0,0.403,678.0,8.8,1
77700.0,21200.0,0.319,689.0,3.6,0
97300.0,39500.0,0.28,685.0,2.1,1
43900.0,25200.0,0.169,645.0,3.2,0
107500.0,54800.0,0.178,686.0,0.6,1
44800.0,15400.0,0.078,700.0,4.8,0
68300.0,13500.0,0.142,639.0,5.4,0
93000.0,37900.0,0.116,538.0,10.8,0
79600.0,31400.0,0.344,712.0,12.9,0
44600.0,5900.0,0.117,641.0,4.2,1
48500.0,14100.0,0.271,708.0,1.8,1
52700.0,29500.0,0.285,632.0,2.3,1
60900.0,22100.0,0.088,,3.3,0
92600.0,17600.0,0.157,666.0,9.9,1
39400.0,16600.0,0.266,661.0,11.2,1
73000.0,23900.0,0.214,675.0,11.1,0
76800.0,42800.0,0.24,697.0,2.8,1
75400.0,26000.0,0.132,584.0,11.6,1
73000.0,8300.0,0.194,680.0,1.4,0
105500.0,19100.0,0.164,732.0,4.7,0
73500.0,13800.0,0.396,695.0,12.3,1
83700.0,48200.0,0.139,590.0,6.2,1
75500.0,21100.0,0.217,723.0,4.3,0
116100.0,31900.0,0.217,678.0,1.1,0
31900.0,18800.0,0.219,766.0,4.6,0
97100.0,19700.0,0.35,653.0,2.8,0
56600.0,23300.0,0.247,668.0,17.3,0
56200.0,32300.0,0.122,731.0,10.3,0
44200.0,24500.0,0.337,563.0,6.3,1
32200.0,5800.0,0.155,657.0,8.9,0
54200.0,18200.0,0.176,668.0,7.6,0
48700.0,11000.0,0.264,554.0,3.5,1
73700.0,33200.0,0.088,627.0,10.8,0
37000.0,8300.0,0.263,690.0,12.1,0
102300.0,19300.0,0.186,696.0,2.0,1
68200.0,16100.0,0.174,767.0,2.1,0
56800.0,9400.0,0.154,729.0,3.9,0
48400.0,22200.0,0.046,606.0,3.0,0
47100.0,11300.0,0.111,680.0,4.4,0
41700.0,12500.0,0.318,699.0,3.1,1
51200.0,12200.0,0.163,684.0,3.6,0
62100.0,18000.0,0.293,617.0,2.3,1
58300.0,14700.0,0.33,778.0,2.3,1
37800.0,10500.0,0.264,773.0,6.3,0
56500.0,25700.0,0.376,694.0,8.7,0
45400.0,8500.0,0.039,634.0,3.2,0
65600.0,29100.0,0.144,617.0,5.9,0
119100.0,32600.0,0.16,618.0,14.4,0
77200.0,11300.0,0.232,,1.1,0
55600.0,8900.0,0.16,587.0,9.3,1
35100.0,19300.0,0.08,740.0,2.7,0
37800.0,4600.0,0.181,669.0,4.4,0
34400.0,8200.0,0.16,697.0,11.5,0
79900.0,42500.0,0.297,719.0,0.1,1
47400.0,6600.0,0.08,807.0,6.8,0
63400.0,13000.0,0.2,,12.9,1
49900.0,11700.0,0.33,669.0,11.5,0
64000.0,33100.0,0.248,699.0,13.0,0
101300.0,16000.0,0.318,686.0,15.2,1
48800.0,28000.0,0.152,681.0,7.9,0
55000.0,8800.0,0.163,684.0,8.1,0
46800.0,17900.0,0.177,625.0,1.5,0
84200.0,41000.0,0.185,696.0,8.0,0
43300.0,16400.0,0.234,606.0,4.3,0
41700.0,14800.0,0.29,740.0,3.2,0
38100.0,12100.0,0.284,,11.1,0
37900.0,8600.0,0.433,616.0,3.1,1
73100.0,43600.0,0.15,714.0,14.3,0
152400.0,46000.0,0.112,715.0,3.6,0
43800.0,18400.0,0.357,685.0,2.5,1
86500.0,33800.0,0.288,597.0,1.2,1
67700.0,39300.0,0.189,,4.0,0
42200.0,9400.0,0.335,708.0,3.7,0
56300.0,10000.0,0.198,800.0,5.5,0
57100.0,31400.0,0.051,693.0,16.2,0
48700.0,17300.0,0.106,695.0,4.6,0
121900.0,51300.0,0.113,711.0,3.9,0
31800.0,13100.0,0.108,632.0,2.8,0
70800.0,34800.0,0.36,739.0,1.8,1
69600.0,36100.0,0.164,645.0,4.8,0
50600.0,22800.0,0.267,681.0,14.1,0
65300.0,6700.0,0.323,635.0,15.0,0
84300.0,43700.0,0.08,614.0,6.0,0
65400.0,7900.0,0.133,638.0,4.1,0
71800.0,38000.0,0.063,629.0,1.5,0
79000.0,7900.0,0.138,680.0,8.3,0
30400.0,14800.0,0.251,762.0,9.0,0
104000.0,43600.0,0.047,695.0,13.0,0
137600.0,15500.0,0.155,649.0,2.1,0
87400.0,41700.0,0.129,680.0,4.5,1
88400.0,34500.0,0.038,648.0,0.5,0
37900.0,6100.0,0.191,680.0,7.7,0
59500.0,32000.0,0.05,722.0,2.1,0
46700.0,18500.0,0.291,660.0,9.3,0
50500.0,16700.0,0.136,,3.8,0
87000.0,49800.0,0.332,683.0,1.8,0
46800.0,9400.0,0.077,,5.1,0
59200.0,11100.0,0.106,618.0,1.8,0
31800.0,17400.0,0.31,672.0,3.3,1
58700.0,10600.0,0.201,631.0,12.4,0
64000.0,32600.0,0.195,678.0,6.3,1
48400.0,9900.0,0.188,680.0,6.2,0
48200.0,24400.0,0.041,668.0,10.4,0
120000.0,36500.0,0.132,711.0,8.7,1
40600.0,16600.0,0.278,774.0,3.9,0
42900.0,17300.0,0.051,656.0,6.2,0
46700.0,13900.0,0.204,757.0,1.6,0
94300.0,33900.0,0.421,635.0,4.1,0
129400.0,55000.0,0.265,680.0,2.5,1
69600.0,11700.0,0.217,690.0,14.6,0
48200.0,26900.0,0.296,671.0,2.1,1
53400.0,27300.0,0.148,601.0,2.8,0
90000.0,18400.0,0.121,749.0,7.0,0
45100.0,9600.0,0.102,726.0,6.6,0
103100.0,30600.0,0.299,628.0,0.7,0
101800.0,49500.0,0.159,669.0,5.7,0
63500.0,22800.0,0.361,676.0,1.6,1
77700.0,20000.0,0.197,613.0,3.2,1
80600.0,39000.0,0.135,,2.3,0
106800.0,21100.0,0.286,,2.9,1
42900.0,19500.0,0.337,587.0,5.3,0
93700.0,44700.0,0.236,758.0,8.6,0
54400.0,8200.0,0.217,646.0,3.5,0
47400.0,18200.0,0.293,639.0,18.0,0
64300.0,25500.0,0.367,668.0,7.6,1
57500.0,33700.0,0.151,641.0,1.9,0
43900.0,10900.0,0.447,,6.7,0
35400.0,11700.0,0.145,705.0,1.0,1
44600.0,25300.0,0.126,,3.1,0
103100.0,17000.0,0.174,728.0,2.2,0
123200.0,67600.0,0.089,795.0,2.4,0
77800.0,22000.0,0.077,560.0,5.3,0
93900.0,25500.0,0.321,722.0,1.8,0
51700.0,30900.0,0.324,680.0,11.9,1
60300.0,17800.0,0.157,684.0,3.7,1
68400.0,15300.0,0.244,743.0,4.3,0
42500.0,8700.0,0.05,714.0,4.9,0
43800.0,19600.0,0.097,587.0,2.6,0
64100.0,26800.0,0.062,693.0,3.1,0
55400.0,12200.0,0.205,671.0,6.0,0
42700.0,14800.0,0.397,740.0,4.4,1
71000.0,17300.0,0.29,568.0,11.2,1
56500.0,29300.0,0.086,714.0,2.4,0
88600.0,24700.0,0.177,688.0,17.3,0
61900.0,25200.0,0.344,715.0,12.3,0
55800.0,31100.0,0.113,701.0,17.0,1
64800.0,14200.0,0.248,568.0,6.2,0
58400.0,33600.0,0.217,680.0,7.3,0
49100.0,16800.0,0.403,678.0,9.8,1
53900.0,22600.0,0.1,637.0,14.7,0
80600.0,19000.0,0.063,731.0,5.3,0
77700.0,34700.0,0.127,678.0,2.0,0
97300.0,44900.0,0.206,769.0,13.5,0
34300.0,13600.0,0.203,738.0,5.4,0
54000.0,28700.0,0.145,620.0,13.6,0
53600.0,18000.0,0.289,722.0,2.8,0
65800.0,7100.0,0.179,680.0,2.9,0
52900.0,29400.0,0.142,679.0,0.9,0
51800.0,19900.0,0.108,672.0,7.2,0
81500.0,33200.0,0.036,735.0,7.1,0
66000.0,26400.0,0.259,637.0,8.0,0
41200.0,5000.0,0.216,704.0,10.3,1
98900.0,24100.0,0.272,597.0,3.7,1
87900.0,12700.0,0.164,698.0,1.7,0
50700.0,21500.0,0.084,612.0,1.5,0
82900.0,43700.0,0.153,611.0,11.3,0
47900.0,20600.0,0.176,678.0,3.4,0
91900.0,46600.0,0.087,619.0,2.5,0
57400.0,15300.0,0.103,680.0,13.6,0
46800.0,5400.0,0.317,621.0,9.4,1
54400.0,16600.0,0.116,766.0,1.2,1
47400.0,8700.0,0.215,724.0,11.8,0
66300.0,16700.0,0.195,685.0,4.6,0
65900.0,14500.0,0.32,714.0,7.5,1
62800.0,12000.0,0.203,691.0,6.9,0
51000.0,22600.0,0.233,808.0,2.1,0
17200.0,6900.0,0.384,707.0,3.3,1
64000.0,32700.0,0.194,,5.6,0
31900.0,18900.0,0.271,701.0,6.0,0
67500.0,14800.0,0.099,662.0,11.7,0
92100.0,52400.0,0.144,676.0,4.8,0
68200.0,33000.0,0.099,648.0,3.9,0
54100.0,20600.0,0.186,651.0,6.9,0
58200.0,34100.0,0.056,,0.7,0
59200.0,21100.0,0.147,678.0,10.5,0
51200.0,5800.0,0.23,722.0,2.2,0
50500.0,8200.0,0.357,664.0,1.2,1
44900.0,11500.0,0.098,675.0,5.6,0
94000.0,42100.0,0.197,655.0,2.4,0
61700.0,23600.0,0.169,750.0,3.4,0
86600.0,38200.0,0.197,769.0,4.2,0
56800.0,6200.0,0.134,676.0,7.3,0
63600.0,14200.0,0.219,729.0,3.9,0
58400.0,22000.0,0.406,603.0,11.7,1
72900.0,31100.0,0.033,680.0,14.6,1
82800.0,26200.0,0.244,720.0,7.5,0
67400.0,14100.0,0.208,586.0,5.0,0
49000.0,12500.0,0.196,831.0,2.2,0
47200.0,22700.0,0.381,735.0,2.6,0
110800.0,50800.0,0.265,774.0,5.8,1
56200.0,12600.0,0.341,,1.9,0
56000.0,32200.0,0.072,607.0,3.6,1
103500.0,12600.0,0.338,633.0,4.5,1
90700.0,19700.0,0.306,,15.0,1
74700.0,23800.0,0.147,727.0,9.1,0
53900.0,27100.0,0.177,625.0,7.5,0
141300.0,54100.0,0.135,637.0,6.2,0
71100.0,31100.0,0.253,766.0,6.0,0
75100.0,43200.0,0.213,615.0,1.4,0
58400.0,16600.0,0.111,646.0,13.2,1
37800.0,7200.0,0.198,755.0,2.4,0
38900.0,11900.0,0.147,817.0,10.3,0
71500.0,27300.0,0.22,592.0,5.3,0
71100.0,11900.0,0.093,549.0,7.5,1
57000.0,6800.0,0.155,643.0,11.9,0
41100.0,19000.0,0.061,692.0,3.0,0
37400.0,22200.0,0.138,679.0,8.5,0
55300.0,31300.0,0.188,651.0,2.4,1
37200.0,10700.0,0.314,611.0,1.5,1
84900.0,27800.0,0.049,727.0,6.4,0
92800.0,47700.0,0.22,,7.6,1
166900.0,98900.0,0.205,645.0,8.7,1
84300.0,23400.0,0.288,683.0,2.9,1
50400.0,29000.0,0.24,760.0,1.4,1
45700.0,20500.0,0.243,691.0,1.9,0
18500.0,3200.0,0.23,822.0,1.1,0
50300.0,16400.0,0.169,664.0,0.7,0
58300.0,5900.0,0.063,715.0,7.0,0
87000.0,26400.0,0.097,564.0,7.8,0
76800.0,27800.0,0.073,646.0,6.1,1
76200.0,38000.0,0.208,680.0,7.2,0
66800.0,17700.0,0.13,643.0,19.0,0
78100.0,33200.0,0.189,639.0,0.6,1
102900.0,44400.0,0.219,651.0,0.9,1
42700.0,15500.0,0.132,628.0,9.9,0
52800.0,21500.0,0.051,652.0,3.6,0
38100.0,12600.0,0.311,686.0,8.8,1
109300.0,44300.0,0.289,702.0,13.3,0
97600.0,32200.0,0.074,,8.1,0
80700.0,44900.0,0.154,670.0,4.4,1
40800.0,6400.0,0.132,637.0,10.1,0
65900.0,35100.0,0.381,,5.0,0
57100.0,27000.0,0.157,777.0,1.3,0
63800.0,6700.0,0.173,692.0,1.4,0
58000.0,26600.0,0.155,705.0,0.9,0
74400.0,20900.0,0.112,667.0,4.5,0
54000.0,19100.0,0.347,709.0,2.3,1
83600.0,30000.0,0.194,670.0,1.6,0
67500.0,31600.0,0.259,612.0,5.6,1
56000.0,19200.0,0.137,750.0,4.7,0
59600.0,24900.0,0.221,805.0,5.3,0
53100.0,11100.0,0.128,716.0,2.3,0
82400.0,11200.0,0.302,,10.5,0
56400.0,24500.0,0.181,708.0,2.5,0
68700.0,40800.0,0.334,,6.3,0
54000.0,7500.0,0.248,657.0,3.3,1
36900.0,20500.0,0.059,723.0,14.2,0
85100.0,24900.0,0.043,692.0,13.6,0
42800.0,18300.0,0.07,563.0,5.0,0
78600.0,18300.0,0.098,,4.1,0
71800.0,32000.0,0.12,714.0,11.5,0
34700.0,11000.0,0.092,702.0,9.7,0
44500.0,22100.0,0.092,676.0,3.9,0
51800.0,12400.0,0.048,614.0,6.2,0
46500.0,12400.0,0.413,697.0,5.8,0
41000.0,16900.0,0.178,,8.6,0
80300.0,12300.0,0.4,713.0,3.1,1
57000.0,33500.0,0.419,781.0,7.7,0
71000.0,28700.0,0.327,685.0,10.9,1
53300.0,31200.0,0.098,743.0,4.8,0
69000.0,13000.0,0.099,710.0,6.7,0
47700.0,21700.0,0.365,835.0,11.9,0
61400.0,12300.0,0.312,711.0,12.7,0
76000.0,10800.0,0.493,829.0,1.4,0
63000.0,20300.0,0.243,628.0,7.6,0
52800.0,17700.0,0.203,616.0,7.7,1
42400.0,16100.0,0.079,710.0,9.8,0
65700.0,21900.0,0.221,676.0,4.2,0
70000.0,13800.0,0.251,756.0,8.8,0
56600.0,25000.0,0.432,728.0,1.4,1
47400.0,11000.0,0.203,729.0,6.9,0
75000.0,18400.0,0.243,641.0,6.0,0
147800.0,72500.0,0.148,680.0,5.7,0
55800.0,24600.0,0.14,731.0,7.4,0
69800.0,32400.0,0.254,653.0,12.6,0
70800.0,39700.0,0.072,685.0,5.0,1
25300.0,13300.0,0.114,752.0,13.3,0
64700.0,13600.0,0.044,683.0,4.3,0
48400.0,28500.0,0.038,698.0,3.8,0
100700.0,36300.0,0.058,752.0,0.8,0
56700.0,21500.0,0.088,710.0,24.8,0
47200.0,11300.0,0.234,604.0,1.4,0
57400.0,16900.0,0.109,,2.6,0
65700.0,24900.0,0.04,687.0,15.1,0
51000.0,6000.0,0.235,704.0,3.1,1
60900.0,28000.0,0.227,811.0,7.7,0
38600.0,10600.0,0.421,748.0,4.4,0
57300.0,25600.0,0.232,693.0,3.0,0
81300.0,37900.0,0.2,649.0,2.0,0
123500.0,50500.0,0.184,732.0,14.4,0
79400.0,10900.0,0.241,696.0,5.5,0
68200.0,26000.0,0.254,758.0,4.5,0
93800.0,26000.0,0.154,703.0,5.0,0
88600.0,40500.0,0.276,741.0,4.5,0
111000.0,50600.0,0.15,641.0,3.3,0
90600.0,31800.0,0.186,676.0,0.8,0
59500.0,27700.0,0.164,688.0,4.9,0
67900.0,11700.0,0.323,640.0,7.0,0
66000.0,33500.0,0.035,707.0,2.1,0
68900.0,40300.0,0.113,664.0,9.7,0
66500.0,36600.0,0.419,665.0,5.2,0
47100.0,23800.0,0.162,647.0,8.0,0
29700.0,9000.0,0.052,680.0,3.1,0
49000.0,27700.0,0.24,595.0,3.2,1
30500.0,11600.0,0.288,735.0,11.9,0
63500.0,13200.0,0.192,708.0,5.8,0
62100.0,23100.0,0.309,716.0,1.3,0
34500.0,18100.0,0.111,754.0,4.1,0
78900.0,34600.0,0.274,700.0,0.9,1
84000.0,43400.0,0.143,668.0,1.1,0
64100.0,7500.0,0.236,758.0,4.6,0
111100.0,65000.0,0.269,664.0,9.0,1
119400.0,67000.0,0.085,693.0,2.1,0
40700.0,14300.0,0.232,566.0,3.9,0
89100.0,50000.0,0.322,655.0,11.9,0
72300.0,13800.0,0.241,683.0,8.2,0
71800.0,20300.0,0.043,720.0,8.7,0
86000.0,15900.0,0.087,713.0,6.5,0
48200.0,21000.0,0.139,737.0,3.7,0
50400.0,28200.0,0.1,653.0,12.0,0
46400.0,26200.0,0.199,653.0,0.7,1
47600.0,6700.0,0.338,695.0,10.1,0
59900.0,29000.0,0.446,640.0,8.9,0
37300.0,14200.0,0.15,680.0,4.6,0
43000.0,9000.0,0.048,687.0,2.2,0
75900.0,41500.0,0.384,573.0,1.8,1
60500.0,22000.0,0.188,680.0,12.8,0
70900.0,8600.0,0.114,705.0,4.3,0
32000.0,9200.0,0.287,643.0,1.5,0
47100.0,20800.0,0.141,724.0,10.9,0
51000.0,26800.0,0.351,656.0,2.5,1
62700.0,12500.0,0.122,625.0,3.4,0
50500.0,20000.0,0.431,716.0,2.0,0
85900.0,12300.0,0.232,668.0,13.6,0
60700.0,33700.0,0.125,702.0,4.2,0
62400.0,6500.0,0.289,645.0,3.1,0
62300.0,36500.0,0.115,638.0,7.0,0
79400.0,30400.0,0.21,664.0,0.6,1
52600.0,25000.0,0.323,638.0,6.6,1
91800.0,39900.0,0.243,671.0,3.3,1
72800.0,25700.0,0.227,626.0,2.9,0
65400.0,20900.0,0.101,700.0,0.6,0
62900.0,12800.0,0.221,724.0,3.6,0
74400.0,18100.0,0.079,,0.9,0
88500.0,13000.0,0.311,611.0,2.9,1
86300.0,20200.0,0.04,749.0,1.3,0
70700.0,30200.0,0.128,585.0,9.4,1
84300.0,31700.0,0.179,693.0,6.8,0
64600.0,24800.0,0.141,687.0,8.6,0
96100.0,35000.0,0.23,723.0,9.9,0
61400.0,35200.0,0.277,644.0,2.7,1
30000.0,15800.0,0.058,653.0,2.7,0
99000.0,23000.0,0.213,744.0,6.9,0
64400.0,24400.0,0.102,743.0,0.9,0
41200.0,24100.0,0.193,625.0,2.5,1
57800.0,13500.0,0.084,666.0,5.3,0
45500.0,20500.0,0.1,638.0,4.6,0
129300.0,54800.0,0.255,538.0,1.0,1
73800.0,32100.0,0.295,,5.7,0
35800.0,13500.0,0.307,645.0,11.3,1
75100.0,35300.0,0.203,684.0,5.3,1
53900.0,15500.0,0.11,695.0,3.5,0
121300.0,69000.0,0.213,610.0,8.9,1
42900.0,16500.0,0.343,730.0,3.0,0
28200.0,7600.0,0.094,644.0,6.0,0
63400.0,26600.0,0.063,,8.4,0
54900.0,24300.0,0.06,699.0,3.3,0
53600.0,30000.0,0.219,690.0,6.3,0
29300.0,12200.0,0.234,651.0,3.0,1
72000.0,26000.0,0.138,680.0,8.2,0
111400.0,30800.0,0.254,774.0,4.6,0
31800.0,9900.0,0.054,719.0,2.4,0
93400.0,22700.0,0.339,681.0,5.9,0
50800.0,20800.0,0.156,661.0,11.7,0
141100.0,74900.0,0.148,782.0,2.5,0
72200.0,28600.0,0.229,657.0,10.8,0
58100.0,11700.0,0.307,574.0,3.2,0
91300.0,10800.0,0.146,748.0,10.3,0
74500.0,40200.0,0.165,653.0,4.3,0
50400.0,12500.0,0.068,561.0,10.1,0
79500.0,35300.0,0.068,604.0,4.5,1
51900.0,29700.0,0.082,606.0,6.0,0
33200.0,18900.0,0.306,560.0,3.0,1
126200.0,47600.0,0.186,639.0,7.1,0
54900.0,30600.0,0.291,648.0,5.0,0
50100.0,15100.0,0.301,770.0,6.5,0
69800.0,39800.0,0.142,676.0,7.7,0
35900.0,15800.0,0.379,649.0,9.0,1
38600.0,5400.0,0.131,671.0,10.2,0
52100.0,26400.0,0.251,691.0,3.2,1
51700.0,9300.0,0.203,735.0,3.4,0
63600.0,38100.0,0.274,753.0,2.7,1
91800.0,11400.0,0.378,573.0,5.8,1
52500.0,25100.0,0.166,599.0,3.1,1
73700.0,13000.0,0.073,680.0,2.5,0
76500.0,28300.0,0.237,786.0,4.6,0
42400.0,12100.0,0.134,653.0,3.1,0
67200.0,36100.0,0.183,740.0,4.3,0
44600.0,10600.0,0.186,650.0,3.2,0
90000.0,41400.0,0.146,650.0,1.2,0
72700.0,41400.0,0.098,666.0,10.5,0
62400.0,8200.0,0.356,757.0,1.2,0
38800.0,17700.0,0.352,654.0,7.2,1
64600.0,9200.0,0.19,,7.9,0
47400.0,23200.0,0.438,699.0,4.7,1
79400.0,42000.0,0.156,731.0,8.4,1
59500.0,10100.0,0.345,684.0,0.8,0
46700.0,25300.0,0.094,730.0,3.4,0
85700.0,27300.0,0.263,774.0,7.6,0
79800.0,20300.0,0.208,725.0,3.3,0
50400.0,29400.0,0.149,660.0,1.1,0
93100.0,27200.0,0.175,674.0,9.4,0
55900.0,11500.0,0.239,696.0,5.6,0
55600.0,14700.0,0.13,667.0,6.8,0
64700.0,35700.0,0.02,620.0,4.2,0
47600.0,28200.0,0.157,630.0,3.7,0
53100.0,17400.0,0.162,680.0,2.2,1
58600.0,20300.0,0.172,573.0,0.2,0
105900.0,42300.0,0.092,841.0,14.6,0
104800.0,54500.0,0.2,728.0,7.8,0
56600.0,5900.0,0.111,650.0,25.0,0
108900.0,54200.0,0.292,640.0,13.3,0
61100.0,35800.0,0.268,749.0,5.3,0
70800.0,21400.0,0.149,604.0,3.7,0
84500.0,26900.0,0.236,625.0,5.5,0
68700.0,39800.0,0.068,738.0,8.8,0
144400.0,43800.0,0.359,677.0,8.0,1
67500.0,19500.0,0.238,724.0,6.8,0
40800.0,21600.0,0.088,687.0,9.6,0
97900.0,33000.0,0.111,,9.3,0
53700.0,22700.0,0.409,646.0,12.6,1
55700.0,13500.0,0.097,708.0,3.7,0
21800.0,9600.0,0.303,695.0,13.7,0
88000.0,25000.0,0.09,694.0,3.6,0
82600.0,40600.0,0.021,,7.6,0
82000.0,28400.0,0.318,748.0,3.1,0
87300.0,48900.0,0.042,685.0,1.3,0
112100.0,41900.0,0.095,715.0,15.0,0
61000.0,32300.0,0.264,680.0,10.4,0
86100.0,27600.0,0.135,590.0,4.5,1
47800.0,20800.0,0.155,722.0,4.7,0
54800.0,12800.0,0.285,645.0,6.3,0
89700.0,35300.0,0.136,635.0,3.4,1
71100.0,30700.0,0.233,702.0,3.7,0
38900.0,7600.0,0.047,755.0,3.8,0
70400.0,26200.0,0.372,666.0,5.3,1
58200.0,32600.0,0.313,665.0,7.2,1
46600.0,9400.0,0.169,706.0,2.9,0
72200.0,24800.0,0.288,712.0,5.9,0
53800.0,27900.0,0.347,685.0,11.2,0
35800.0,11200.0,0.17,582.0,9.1,0
42000.0,4800.0,0.349,724.0,4.5,0
115200.0,41800.0,0.138,639.0,3.2,0
36500.0,12100.0,0.217,796.0,10.6,0
67000.0,37800.0,0.359,643.0,12.5,0
76800.0,33200.0,0.06,694.0,2.5,0
77500.0,37800.0,0.077,,12.4,0
40400.0,11500.0,0.319,693.0,2.8,0
55400.0,30400.0,0.41,819.0,8.9,0
65100.0,33500.0,0.282,668.0,6.8,1
82000.0,11900.0,0.29,738.0,7.0,0
49500.0,21300.0,0.293,682.0,2.3,0
41300.0,22800.0,0.083,662.0,3.4,0
88100.0,37500.0,0.325,724.0,2.7,0
91300.0,53500.0,0.126,680.0,2.5,0
70600.0,16300.0,0.195,672.0,6.3,0
50100.0,19700.0,0.399,628.0,4.3,1
71500.0,26200.0,0.303,705.0,4.7,0
64400.0,15900.0,0.285,850.0,12.3,0
83100.0,40800.0,0.367,,4.3,0
40000.0,12600.0,0.189,717.0,14.6,0
64600.0,27400.0,0.118,650.0,4.3,0
58600.0,28800.0,0.123,850.0,2.0,0
42000.0,19500.0,0.286,603.0,3.4,0
66900.0,10000.0,0.077,650.0,4.2,0
62800.0,8000.0,0.232,680.0,5.8,0
53700.0,27400.0,0.267,680.0,7.8,1
71200.0,30300.0,0.036,691.0,8.4,0
37700.0,6600.0,0.146,706.0,6.4,0
60800.0,10000.0,0.056,681.0,2.4,0
72100.0,25100.0,0.181,768.0,6.2,0
68500.0,12900.0,0.17,758.0,5.2,0
90400.0,51100.0,0.273,680.0,3.9,0
40700.0,8600.0,0.107,534.0,3.1,0
36600.0,20900.0,0.385,632.0,10.4,0
67400.0,30900.0,0.137,688.0,7.1,0
72700.0,27500.0,0.129,731.0,2.1,0
130200.0,56700.0,0.202,531.0,16.1,0
76900.0,34300.0,0.27,770.0,4.1,0
45700.0,11100.0,0.277,701.0,5.2,0
82200.0,28300.0,0.032,770.0,1.9,0
46100.0,6100.0,0.162,618.0,1.2,0
36900.0,4600.0,0.18,640.0,1.3,1
154500.0,88300.0,0.066,624.0,5.7,1
69500.0,36500.0,0.385,647.0,0.5,0
79600.0,38000.0,0.216,639.0,13.7,0
75500.0,11500.0,0.178,585.0,1.4,0
116900.0,48200.0,0.32,754.0,4.0,0
68500.0,31300.0,0.194,712.0,6.4,0
94900.0,29900.0,0.36,636.0,19.6,0
43300.0,12500.0,0.126,568.0,2.4,0
38100.0,17600.0,0.34,746.0,8.9,1
102100.0,10700.0,0.089,555.0,1.7,0
103900.0,34800.0,0.17,,2.7,0
74100.0,16900.0,0.099,611.0,4.2,0
67100.0,21600.0,0.243,680.0,2.0,0
65700.0,24700.0,0.144,707.0,3.4,0
48700.0,15100.0,0.141,729.0,4.5,1
106200.0,57200.0,0.046,699.0,8.5,0
78100.0,42300.0,0.299,617.0,9.2,1
74000.0,35500.0,0.217,,6.6,0
70700.0,35200.0,0.183,747.0,2.7,1
89500.0,31400.0,0.173,724.0,2.4,0
74000.0,17400.0,0.18,812.0,3.2,0
80500.0,40900.0,0.187,622.0,2.0,0
41200.0,6500.0,0.379,639.0,6.8,1
74100.0,29400.0,0.371,638.0,5.1,0
133300.0,55500.0,0.116,647.0,8.1,0
51700.0,8000.0,0.342,717.0,2.7,1
59300.0,12000.0,0.204,692.0,5.7,0
84700.0,36900.0,0.203,658.0,13.7,1
86700.0,45800.0,0.274,745.0,7.6,0
77100.0,22800.0,0.085,676.0,5.2,0
35200.0,12900.0,0.355,650.0,2.6,1
73900.0,33600.0,0.296,646.0,8.7,0
41000.0,16000.0,0.267,608.0,25.2,0
46500.0,15400.0,0.415,668.0,1.9,1
75100.0,31500.0,0.076,632.0,2.0,0
55900.0,25400.0,0.205,674.0,6.2,0
82300.0,41200.0,0.167,701.0,2.2,1
186600.0,71000.0,0.259,706.0,1.7,0
81400.0,35000.0,0.266,,7.2,0
79800.0,15800.0,0.158,680.0,8.4,0
45300.0,8200.0,0.379,,6.0,1
49500.0,25000.0,0.187,719.0,1.6,0
42700.0,9000.0,0.338,681.0,5.6,0
51500.0,16400.0,0.184,696.0,7.8,0
42300.0,22900.0,0.259,642.0,4.6,0
49200.0,8500.0,0.08,637.0,8.9,0
57600.0,25300.0,0.146,715.0,4.4,0
43700.0,9800.0,0.137,585.0,0.7,1
37700.0,15600.0,0.209,,5.6,0
38500.0,19600.0,0.157,599.0,10.1,0
72700.0,37100.0,0.148,680.0,3.2,1
63300.0,30900.0,0.359,684.0,4.1,0
88800.0,31900.0,0.146,648.0,3.5,0
89400.0,33200.0,0.12,787.0,6.9,0
55000.0,10200.0,0.176,582.0,4.6,0
78400.0,12400.0,0.316,688.0,9.9,1
37400.0,17700.0,0.062,686.0,3.9,0
137900.0,17400.0,0.063,689.0,12.5,0
94200.0,53400.0,0.137,654.0,2.3,0
57500.0,11100.0,0.061,590.0,1.7,0
41300.0,19000.0,0.346,720.0,6.0,1
70800.0,22900.0,0.065,721.0,16.1,0
32200.0,13100.0,0.238,701.0,10.1,1
47200.0,22600.0,0.135,695.0,3.3,0
80600.0,20000.0,0.288,746.0,0.6,0
63700.0,32700.0,0.281,734.0,2.0,0
52200.0,24900.0,0.371,680.0,4.8,1
86500.0,33700.0,0.287,645.0,16.5,0
43100.0,16700.0,0.24,736.0,5.4,0
68500.0,20000.0,0.258,632.0,8.0,0
52100.0,30500.0,0.113,680.0,3.2,0
46100.0,13500.0,0.21,625.0,4.1,0
72900.0,16100.0,0.217,671.0,7.8,0
43800.0,16600.0,0.189,724.0,7.2,0
120600.0,67600.0,0.185,663.0,5.2,0
50500.0,28400.0,0.086,732.0,9.4,0
124400.0,48400.0,0.248,654.0,8.7,0
42300.0,12500.0,0.064,772.0,6.8,0
76600.0,36300.0,0.184,671.0,3.3,0
40700.0,15400.0,0.273,824.0,1.4,0
38800.0,19800.0,0.158,720.0,1.5,0
65600.0,33900.0,0.184,678.0,11.3,0
78600.0,35500.0,0.333,618.0,6.1,1
39700.0,23300.0,0.118,657.0,4.8,0
93800.0,39800.0,0.332,789.0,0.6,0
46900.0,27500.0,0.202,611.0,6.6,0
64900.0,27600.0,0.192,593.0,2.1,0
70800.0,14800.0,0.104,696.0,5.3,0
76300.0,31600.0,0.123,749.0,9.0,0
33000.0,16000.0,0.186,659.0,9.9,0
109200.0,34000.0,0.246,632.0,5.2,0
75500.0,13900.0,0.161,668.0,9.2,0
53400.0,14700.0,0.356,668.0,6.0,1
43300.0,21300.0,0.025,742.0,7.6,0
34300.0,7000.0,0.14,784.0,8.1,0
38500.0,4100.0,0.287,672.0,5.4,1
75000.0,40500.0,0.186,634.0,1.4,0
55000.0,32200.0,0.083,614.0,2.3,0
41700.0,22300.0,0.077,584.0,10.0,0
51600.0,25800.0,0.149,676.0,2.0,0
107200.0,49800.0,0.142,594.0,10.9,0
55200.0,20700.0,0.114,719.0,6.7,0
50500.0,21500.0,0.085,667.0,7.3,0
99500.0,47100.0,0.199,641.0,5.3,0
72900.0,19300.0,0.131,759.0,0.9,0
63000.0,12800.0,0.421,584.0,3.5,1
50100.0,22400.0,0.127,730.0,4.6,0
36000.0,14500.0,0.212,686.0,6.0,1
41200.0,24500.0,0.198,694.0,0.4,0
52400.0,16100.0,0.321,679.0,12.8,0
57400.0,17600.0,0.264,617.0,8.3,0
70200.0,11300.0,0.159,713.0,16.1,0
75200.0,8100.0,0.284,746.0,2.6,0
67000.0,11400.0,0.116,,2.6,0
67000.0,26500.0,0.253,685.0,1.8,0
43600.0,25400.0,0.254,,3.3,0
29200.0,4600.0,0.159,663.0,8.2,0
51700.0,9300.0,0.194,702.0,14.2,0
44400.0,19600.0,0.222,668.0,7.4,0
49300.0,12400.0,0.205,657.0,0.7,0
56300.0,6900.0,0.183,745.0,2.4,0
40100.0,21800.0,0.045,626.0,6.3,0
42000.0,7300.0,0.113,657.0,2.7,0
59900.0,19100.0,0.157,680.0,1.9,0
64600.0,30800.0,0.138,635.0,1.3,0
49300.0,24200.0,0.139,650.0,7.2,0
73800.0,42600.0,0.251,757.0,12.3,0
57400.0,22700.0,0.053,633.0,8.9,0
43400.0,7600.0,0.142,817.0,4.7,0
62900.0,8800.0,0.154,591.0,2.1,0
119800.0,50500.0,0.064,544.0,0.9,0
49000.0,18000.0,0.165,640.0,9.2,0
93200.0,20900.0,0.176,608.0,8.8,1
100400.0,18300.0,0.192,748.0,3.9,0
104700.0,28800.0,0.359,704.0,5.2,1
46500.0,11300.0,0.307,619.0,11.5,0
125500.0,34800.0,0.192,667.0,2.2,0
64600.0,17800.0,0.063,661.0,7.8,0
56700.0,27000.0,0.443,824.0,4.2,1
57200.0,18900.0,0.225,686.0,4.0,0
76500.0,40100.0,0.178,693.0,5.5,0
63100.0,22100.0,0.241,708.0,2.1,0
58300.0,14300.0,0.308,691.0,7.4,0
97200.0,54600.0,0.29,678.0,3.9,0
48100.0,20500.0,0.142,631.0,2.3,1
43000.0,22400.0,0.352,683.0,20.6,1
81800.0,17700.0,0.107,690.0,2.1,0
79300.0,46500.0,0.237,604.0,8.6,1
90900.0,38000.0,0.148,683.0,6.5,0
42600.0,12200.0,0.323,609.0,4.5,0
90500.0,20400.0,0.484,585.0,15.6,1
73400.0,11000.0,0.19,680.0,3.9,0
114900.0,13400.0,0.303,707.0,7.6,1
40100.0,7900.0,0.324,730.0,9.3,0
66900.0,17100.0,0.257,,11.1,1
56300.0,20600.0,0.204,597.0,3.4,1
35500.0,10600.0,0.158,628.0,3.7,0
48300.0,5900.0,0.231,664.0,5.2,0
92000.0,15800.0,0.088,672.0,9.9,0
52600.0,5700.0,0.102,680.0,3.2,0
48100.0,5800.0,0.228,668.0,8.2,0
84000.0,20900.0,0.305,737.0,11.4,0
87600.0,36700.0,0.218,643.0,2.8,0
87600.0,15500.0,0.097,704.0,3.3,0
47000.0,25500.0,0.303,714.0,2.3,0
60800.0,36100.0,0.049,700.0,3.8,0
88900.0,36200.0,0.246,708.0,7.6,1
49300.0,6100.0,0.04,618.0,6.3,0
47700.0,9100.0,0.1,727.0,7.1,0
82800.0,29400.0,0.288,650.0,6.6,0
107100.0,60800.0,0.147,668.0,5.5,1
41400.0,24500.0,0.286,622.0,10.4,0
25000.0,11700.0,0.243,699.0,7.0,0
37300.0,20300.0,0.211,654.0,2.1,1
43500.0,6500.0,0.03,640.0,0.5,1
59100.0,20900.0,0.077,716.0,7.7,0
76900.0,26100.0,0.142,636.0,10.2,0
58900.0,12300.0,0.201,698.0,1.9,0
48500.0,18500.0,0.223,689.0,8.3,0
65400.0,24900.0,0.451,708.0,6.8,0
44300.0,25900.0,0.311,681.0,3.4,0
61000.0,8100.0,0.434,611.0,2.1,1
49500.0,12400.0,0.199,687.0,4.1,0
158400.0,29400.0,0.102,680.0,1.0,0
82500.0,17500.0,0.144,783.0,3.4,0
46300.0,12000.0,0.075,782.0,3.7,0
43700.0,12400.0,0.116,728.0,15.1,0
53200.0,30800.0,0.221,733.0,9.7,0
34900.0,9200.0,0.128,536.0,1.7,0
48000.0,16400.0,0.141,649.0,1.4,0
47900.0,8800.0,0.106,618.0,13.8,0
84500.0,17800.0,0.271,712.0,7.5,0
53400.0,11100.0,0.083,709.0,3.3,0
47000.0,18100.0,0.321,709.0,4.0,1
38800.0,9700.0,0.394,,2.0,1
41100.0,9800.0,0.089,699.0,5.2,0
60600.0,21900.0,0.212,673.0,1.7,1
57500.0,6200.0,0.177,680.0,1.3,1
92200.0,49000.0,0.203,719.0,1.5,0
49700.0,6200.0,0.24,680.0,5.3,0
89800.0,27500.0,0.039,738.0,11.1,0
67800.0,40300.0,0.056,,8.7,0
61900.0,11400.0,0.165,664.0,2.8,0
30700.0,3800.0,0.217,636.0,3.1,0
39500.0,13500.0,0.388,716.0,4.8,1
80400.0,33400.0,0.42,634.0,6.4,1
101100.0,29400.0,0.245,548.0,20.5,1
66600.0,14000.0,0.043,634.0,3.2,0
81000.0,36100.0,0.347,641.0,1.6,0
53800.0,21200.0,0.094,679.0,12.7,0
54400.0,14900.0,0.155,660.0,1.6,0
49200.0,20100.0,0.307,750.0,1.1,0
87200.0,45300.0,0.084,697.0,3.3,0
69900.0,25000.0,0.141,733.0,13.3,0
57100.0,16800.0,0.128,680.0,1.9,0
55300.0,22600.0,0.232,738.0,1.7,0
75300.0,26500.0,0.125,731.0,4.1,0
69400.0,10400.0,0.247,653.0,2.2,0
46300.0,25500.0,0.272,704.0,6.4,0
113000.0,18300.0,0.211,674.0,16.9,0
67800.0,32000.0,0.077,723.0,1.5,0
62200.0,19700.0,0.049,648.0,7.7,0
104000.0,51100.0,0.365,717.0,11.7,0
88700.0,32100.0,0.226,652.0,1.4,1
60100.0,30700.0,0.09,722.0,4.6,0
74800.0,25100.0,0.089,748.0,3.4,0
42600.0,9500.0,0.303,680.0,6.2,0
49500.0,24000.0,0.342,680.0,1.5,1
28100.0,14400.0,0.212,754.0,1.4,0
95000.0,33400.0,0.129,680.0,8.0,0
31900.0,18000.0,0.035,690.0,2.4,0
78700.0,35700.0,0.112,602.0,8.5,0
46400.0,26300.0,0.178,681.0,7.1,0
44000.0,8700.0,0.132,615.0,5.7,1
57900.0,33100.0,0.145,678.0,18.7,0
68100.0,32900.0,0.084,641.0,5.4,0
76800.0,43900.0,0.193,751.0,8.5,0
115300.0,31700.0,0.242,801.0,2.9,0
70300.0,26600.0,0.205,680.0,13.8,0
84400.0,46200.0,0.129,,3.9,0
50300.0,21900.0,0.164,707.0,1.6,0
79600.0,19500.0,0.047,676.0,4.8,0
65400.0,16000.0,0.13,669.0,12.7,0
52700.0,30200.0,0.137,680.0,5.4,0
60000.0,26100.0,0.054,637.0,9.4,0
60700.0,7700.0,0.132,725.0,10.4,0
66300.0,15200.0,0.191,658.0,1.5,1
71400.0,27000.0,0.287,703.0,1.6,0
51900.0,10100.0,0.087,,0.6,0
47800.0,15900.0,0.147,809.0,3.3,0
80500.0,34900.0,0.119,757.0,2.9,0
34200.0,4900.0,0.083,677.0,1.5,0
49900.0,11300.0,0.184,786.0,1.8,0
106800.0,57700.0,0.215,710.0,12.5,0
24000.0,2900.0,0.187,743.0,6.3,0
48600.0,7600.0,0.314,673.0,3.2,0
78900.0,40200.0,0.341,657.0,1.8,0
34800.0,15200.0,0.226,761.0,11.1,0
153900.0,51700.0,0.123,723.0,3.3,0
25100.0,13300.0,0.15,728.0,3.4,0
102500.0,20900.0,0.067,738.0,9.1,0
106900.0,11000.0,0.155,690.0,2.5,0
85400.0,43200.0,0.339,657.0,1.6,0
57400.0,24000.0,0.244,704.0,3.8,0
70300.0,18900.0,0.132,585.0,9.1,0
45300.0,17700.0,0.069,687.0,6.1,0
82300.0,11600.0,0.179,745.0,1.1,0
41900.0,10700.0,0.152,670.0,6.2,0
56300.0,21600.0,0.172,786.0,7.7,0
87900.0,45900.0,0.292,663.0,0.8,1
42000.0,10800.0,0.253,680.0,16.5,1
54600.0,7100.0,0.042,715.0,4.9,0
65700.0,9500.0,0.179,673.0,7.1,0
38800.0,9800.0,0.206,717.0,6.9,0
93200.0,38500.0,0.093,647.0,7.8,0
69900.0,31600.0,0.031,713.0,4.6,0
36500.0,16300.0,0.395,689.0,9.9,1
61000.0,32800.0,0.129,697.0,6.6,0
47300.0,20900.0,0.139,735.0,4.7,0
49300.0,21500.0,0.205,680.0,16.6,0
63700.0,25300.0,0.18,673.0,5.5,0
48400.0,21000.0,0.151,680.0,7.6,0
86900.0,40400.0,0.136,750.0,8.9,0
48400.0,28500.0,0.144,722.0,14.7,0
87400.0,16600.0,0.205,621.0,4.1,0
61100.0,25800.0,0.151,694.0,6.1,0
83700.0,13600.0,0.172,660.0,10.3,0
51300.0,10400.0,0.137,665.0,3.0,0
52000.0,29300.0,0.305,597.0,3.3,1
41400.0,12500.0,0.172,567.0,9.6,1
75900.0,29100.0,0.139,737.0,3.3,0
86100.0,17700.0,0.254,727.0,13.2,0
130200.0,46200.0,0.386,602.0,4.5,1
97400.0,10900.0,0.391,663.0,1.0,0
67700.0,26400.0,0.342,685.0,0.4,1
57600.0,33200.0,0.166,650.0,2.1,0
71000.0,31500.0,0.365,710.0,6.5,1
61400.0,26600.0,0.11,661.0,2.4,0
103500.0,39100.0,0.371,605.0,14.7,0
86300.0,22500.0,0.117,659.0,5.2,0
46300.0,22500.0,0.203,707.0,13.4,0
48700.0,14300.0,0.083,631.0,3.6,0
100100.0,26900.0,0.206,723.0,8.4,1
69100.0,25800.0,0.433,740.0,6.1,0
57200.0,33600.0,0.19,715.0,2.5,0
93900.0,43900.0,0.164,713.0,5.7,0
54100.0,23700.0,0.119,677.0,10.5,0
56200.0,9200.0,0.309,712.0,3.0,0
52800.0,26600.0,0.206,641.0,5.4,0
31200.0,9700.0,0.249,553.0,1.7,0
83900.0,34800.0,0.104,643.0,20.9,0
40600.0,15400.0,0.32,761.0,5.8,0
50800.0,25000.0,0.168,738.0,2.0,0
47800.0,5500.0,0.109,623.0,4.9,0
80000.0,11900.0,0.245,,9.8,1
60500.0,14600.0,0.098,641.0,4.9,0
62300.0,12500.0,0.1,616.0,4.1,0
34400.0,15200.0,0.185,663.0,2.0,0
60100.0,9500.0,0.274,724.0,7.4,0
37000.0,5400.0,0.048,684.0,5.1,0
69000.0,25200.0,0.232,667.0,8.0,0
70500.0,9400.0,0.352,561.0,7.9,1
61600.0,30600.0,0.34,801.0,3.0,0
126800.0,33600.0,0.238,617.0,1.7,1
74600.0,18700.0,0.097,682.0,1.6,0
76400.0,30500.0,0.152,725.0,10.2,1
65200.0,38300.0,0.079,690.0,5.7,0
58000.0,14000.0,0.129,726.0,1.1,0
86900.0,18500.0,0.21,553.0,7.4,0
91200.0,25900.0,0.291,632.0,3.4,0
39300.0,19200.0,0.262,643.0,2.7,0
89700.0,50800.0,0.209,606.0,3.0,0
74200.0,13100.0,0.321,593.0,4.3,1
86800.0,10000.0,0.217,728.0,2.8,0
73000.0,18500.0,0.392,610.0,5.9,1
40100.0,10400.0,0.027,,6.3,0
41100.0,19500.0,0.141,729.0,6.6,0
117400.0,51700.0,0.074,661.0,2.9,0
67700.0,32100.0,0.032,603.0,6.4,0
37800.0,11200.0,0.244,647.0,4.8,0
70000.0,22000.0,0.145,640.0,5.1,0
54600.0,31200.0,0.346,644.0,1.4,1
32500.0,4000.0,0.357,637.0,2.9,0
27800.0,3100.0,0.317,683.0,1.8,1
35400.0,3800.0,0.154,664.0,2.7,0
68200.0,34700.0,0.078,677.0,1.5,0
61000.0,21900.0,0.077,678.0,7.0,0
56800.0,25400.0,0.34,747.0,10.9,0
68500.0,29200.0,0.225,790.0,5.7,0
76500.0,38700.0,0.12,681.0,9.2,0
29700.0,10800.0,0.139,675.0,5.1,0
55800.0,14700.0,0.165,671.0,2.5,0
46400.0,7200.0,0.07,732.0,1.6,0
40300.0,12300.0,0.272,718.0,3.0,0
51200.0,10100.0,0.162,686.0,4.1,0
59400.0,33500.0,0.021,672.0,0.6,0
56500.0,27200.0,0.217,711.0,7.8,1
37300.0,9000.0,0.17,737.0,1.7,0
52400.0,18600.0,0.177,656.0,16.1,1
125500.0,42000.0,0.208,703.0,3.5,0
42900.0,17300.0,0.158,580.0,2.9,1
34400.0,19700.0,0.171,,18.2,1
68300.0,16200.0,0.37,706.0,16.0,0
76400.0,31100.0,0.147,593.0,3.6,0
72900.0,25700.0,0.177,597.0,7.6,1
41900.0,24200.0,0.084,694.0,4.2,0
87900.0,18400.0,0.287,572.0,5.1,1
47100.0,20000.0,0.355,662.0,3.9,0
41700.0,6100.0,0.193,794.0,7.8,0
50100.0,18600.0,0.233,699.0,5.0,0
59700.0,34600.0,0.217,776.0,4.6,0
79600.0,36600.0,0.153,765.0,1.9,1
77100.0,8900.0,0.197,638.0,2.1,0
61500.0,36400.0,0.381,669.0,1.5,1
85900.0,31800.0,0.34,701.0,4.1,0
63800.0,24900.0,0.221,740.0,4.7,0
84800.0,48600.0,0.184,759.0,12.5,0
37900.0,14900.0,0.11,723.0,4.3,0
35700.0,7500.0,0.164,698.0,2.7,0
81300.0,25600.0,0.404,622.0,3.9,0
38100.0,18100.0,0.215,738.0,7.1,0
55800.0,16600.0,0.419,648.0,7.1,1
59900.0,11000.0,0.172,734.0,5.3,0
52300.0,15400.0,0.427,754.0,14.8,0
52900.0,8000.0,0.214,601.0,7.7,0
100900.0,15100.0,0.208,791.0,4.9,0
25600.0,4100.0,0.242,670.0,2.4,1
84500.0,30000.0,0.152,740.0,19.4,0
138400.0,36100.0,0.154,732.0,9.4,0
62500.0,11900.0,0.108,782.0,4.2,0
61600.0,28900.0,0.238,680.0,5.2,0
79900.0,32400.0,0.166,770.0,2.5,0
117600.0,60000.0,0.196,727.0,6.8,0
40900.0,7400.0,0.202,637.0,7.6,0
63900.0,26200.0,0.208,670.0,15.6,1
58100.0,13500.0,0.356,719.0,3.6,0
75400.0,26200.0,0.11,733.0,3.5,0
65600.0,21200.0,0.354,,0.9,1
78100.0,30600.0,0.084,641.0,7.6,0
53500.0,20600.0,0.156,612.0,7.0,0
63100.0,35300.0,0.243,686.0,3.9,1
49000.0,20200.0,0.094,846.0,4.2,0
49100.0,13500.0,0.3,,4.1,0
59000.0,29300.0,0.131,654.0,7.0,1
59000.0,10700.0,0.194,714.0,5.1,0
41100.0,20000.0,0.173,,7.6,0
107400.0,41700.0,0.174,688.0,1.4,0
59100.0,13600.0,0.05,571.0,5.8,1
38200.0,18200.0,0.104,643.0,4.7,0
91200.0,14300.0,0.117,646.0,6.4,0
47700.0,5600.0,0.32,715.0,9.7,0
74100.0,17500.0,0.122,646.0,3.3,0
61600.0,21700.0,0.393,668.0,6.0,1
67700.0,28100.0,0.082,620.0,3.4,0
65800.0,16900.0,0.24,650.0,8.1,1
50700.0,19700.0,0.142,802.0,5.1,0
62900.0,37100.0,0.269,680.0,3.4,1
126300.0,75700.0,0.228,704.0,1.3,0
28300.0,13000.0,0.151,635.0,5.3,0
63400.0,15900.0,0.051,614.0,4.6,0
72200.0,24400.0,0.127,737.0,2.9,0
42900.0,21600.0,0.087,680.0,6.6,0
38400.0,20900.0,0.134,714.0,7.3,0
132000.0,76000.0,0.346,697.0,1.6,0
54400.0,16000.0,0.343,688.0,2.7,0
128400.0,34500.0,0.251,545.0,7.6,1
74800.0,20000.0,0.418,731.0,9.8,0
63700.0,31400.0,0.15,778.0,3.4,0
73200.0,42400.0,0.248,685.0,5.7,0
77400.0,29500.0,0.144,672.0,6.2,0
93700.0,30100.0,0.203,693.0,8.0,0
72200.0,31300.0,0.2,667.0,3.0,0
65200.0,20300.0,0.204,581.0,18.9,1
65900.0,25400.0,0.261,662.0,10.8,0
99500.0,19300.0,0.218,680.0,11.5,0
82500.0,12300.0,0.216,740.0,10.8,0
43700.0,13200.0,0.138,627.0,2.6,0
49600.0,11600.0,0.104,664.0,0.8,0
69600.0,12200.0,0.149,682.0,1.6,0
49900.0,29100.0,0.184,707.0,5.3,0
54300.0,24300.0,0.265,788.0,7.2,0
44400.0,13100.0,0.272,717.0,7.9,0
56600.0,33700.0,0.137,718.0,3.6,0
71900.0,11000.0,0.291,616.0,0.7,1
87800.0,24100.0,0.374,770.0,4.9,0
62200.0,33700.0,0.092,587.0,2.5,0
128200.0,74900.0,0.129,756.0,13.7,0
60400.0,30000.0,0.242,730.0,4.3,0
189600.0,36600.0,0.195,687.0,1.2,0
88000.0,33700.0,0.037,624.0,3.6,0
73800.0,10000.0,0.108,711.0,11.3,0
52100.0,6900.0,0.154,656.0,11.8,0
23100.0,12300.0,0.274,756.0,9.5,0
58700.0,5900.0,0.157,521.0,1.9,0
66000.0,9800.0,0.184,687.0,6.1,0
121500.0,18600.0,0.123,538.0,3.6,0
38300.0,17500.0,0.237,686.0,2.0,0
120800.0,50000.0,0.019,665.0,3.0,0
56800.0,11800.0,0.295,728.0,0.3,0
79900.0,24400.0,0.249,,0.8,1
25500.0,14700.0,0.147,627.0,12.0,1
65100.0,13400.0,0.181,563.0,4.0,1
55000.0,7400.0,0.17,657.0,0.5,0
78700.0,33300.0,0.244,691.0,10.2,0
64000.0,9900.0,0.279,668.0,0.7,1
41600.0,15700.0,0.305,628.0,7.2,0
86400.0,19700.0,0.177,669.0,5.7,0
79100.0,9200.0,0.399,712.0,5.5,0
76400.0,32800.0,0.13,698.0,10.1,0
88300.0,42000.0,0.147,573.0,25.0,0
91100.0,23400.0,0.101,654.0,19.9,0
61500.0,11000.0,0.182,632.0,12.1,0
38500.0,22600.0,0.265,528.0,7.1,1
38200.0,8500.0,0.024,714.0,4.5,0
99400.0,22200.0,0.11,699.0,9.4,0
79500.0,22500.0,0.292,624.0,1.3,1
64300.0,14100.0,0.132,710.0,7.4,0
53300.0,11900.0,0.177,694.0,1.9,0
62700.0,35300.0,0.215,,2.4,0
62500.0,8800.0,0.122,698.0,10.5,0
55100.0,28500.0,0.145,669.0,4.3,1
48500.0,17800.0,0.266,,1.1,1
132200.0,15600.0,0.16,738.0,6.3,0
67200.0,11800.0,0.152,595.0,2.8,1
50200.0,21500.0,0.144,680.0,5.7,0
39300.0,14900.0,0.378,695.0,3.2,1
48100.0,10600.0,0.25,658.0,15.5,0
79800.0,19600.0,0.03,704.0,3.7,0
80800.0,45500.0,0.093,629.0,8.7,1
57400.0,26900.0,0.294,659.0,1.4,1
63100.0,27200.0,0.328,791.0,1.3,0
55700.0,31300.0,0.057,707.0,6.1,0
42100.0,9100.0,0.123,672.0,16.3,0
97800.0,25900.0,0.315,672.0,7.5,0
70600.0,36600.0,0.165,732.0,3.9,0
147500.0,47200.0,0.273,,2.0,0
47600.0,15400.0,0.309,663.0,1.3,0
59100.0,29800.0,0.117,747.0,1.8,0
84500.0,50700.0,0.264,680.0,2.4,0
56900.0,30900.0,0.206,679.0,3.4,0
38100.0,18500.0,0.432,723.0,4.1,0
44500.0,14400.0,0.037,641.0,5.6,0
64200.0,29100.0,0.155,595.0,3.6,0
69900.0,14900.0,0.353,680.0,2.8,1
60000.0,13600.0,0.108,730.0,11.0,0
88100.0,17800.0,0.066,665.0,3.7,0
87800.0,38700.0,0.169,730.0,1.7,0
69400.0,39800.0,0.054,748.0,2.8,0
62600.0,29900.0,0.198,662.0,7.7,0
56700.0,13200.0,0.066,682.0,2.9,0
75200.0,32400.0,0.066,674.0,6.3,0
85500.0,23500.0,0.161,718.0,18.1,0
63300.0,32400.0,0.268,709.0,9.1,0
72600.0,24900.0,0.278,692.0,9.2,0
55300.0,12400.0,0.334,757.0,2.0,0
37800.0,9300.0,0.186,703.0,5.9,0
43700.0,6200.0,0.141,697.0,11.9,0
81100.0,22800.0,0.279,641.0,2.8,0
72500.0,19600.0,0.228,686.0,5.4,0
108200.0,35600.0,0.333,756.0,5.0,1
63200.0,27100.0,0.1,721.0,7.0,0
83900.0,47300.0,0.022,688.0,5.2,0
98500.0,50100.0,0.236,677.0,5.0,0
87800.0,34000.0,0.264,631.0,5.7,0
50100.0,14100.0,0.092,642.0,7.2,0
58100.0,10800.0,0.134,739.0,1.9,0
64900.0,25700.0,0.173,684.0,9.0,0
43900.0,5800.0,0.159,687.0,8.9,0
73200.0,9300.0,0.373,752.0,4.5,0
88700.0,37400.0,0.162,660.0,5.9,0
52400.0,9500.0,0.269,656.0,9.3,0
123700.0,64900.0,0.232,761.0,11.2,0
56000.0,24400.0,0.153,717.0,2.8,0
57700.0,20900.0,0.152,595.0,5.6,0
57000.0,32400.0,0.182,682.0,1.6,0
48400.0,8000.0,0.294,,9.8,0
71800.0,18300.0,0.333,655.0,8.4,1
62400.0,22100.0,0.12,670.0,3.7,0
110900.0,64600.0,0.072,,5.5,1
76700.0,10700.0,0.175,643.0,1.8,0
74800.0,30000.0,0.285,783.0,7.3,0
57400.0,32100.0,0.178,671.0,4.7,0
37800.0,6500.0,0.312,680.0,4.0,1
60100.0,27200.0,0.131,735.0,11.5,0
46000.0,20500.0,0.072,608.0,11.1,0
86500.0,24200.0,0.061,670.0,4.6,0
61300.0,22500.0,0.176,754.0,3.0,0
111100.0,63100.0,0.189,683.0,4.5,0
80200.0,26800.0,0.144,701.0,9.0,0
83100.0,27300.0,0.23,671.0,4.2,0
67200.0,25700.0,0.227,702.0,1.2,0
66700.0,7700.0,0.241,721.0,4.4,1
77900.0,39300.0,0.191,674.0,5.0,0
85600.0,10800.0,0.017,689.0,8.4,0
48300.0,28500.0,0.322,697.0,7.1,0
73700.0,43100.0,0.164,579.0,9.0,0
155200.0,79000.0,0.306,733.0,4.5,0
60100.0,32900.0,0.053,,3.9,0
56700.0,23100.0,0.062,728.0,6.7,0
48700.0,12300.0,0.29,696.0,5.8,1
37300.0,15000.0,0.256,663.0,7.6,0
94000.0,41300.0,0.065,703.0,4.9,0
63300.0,10800.0,0.221,791.0,3.9,0
68900.0,33600.0,0.279,765.0,5.1,0
118300.0,29800.0,0.271,645.0,4.1,0
149200.0,53200.0,0.217,767.0,7.9,0
45400.0,10600.0,0.239,646.0,3.1,0
89700.0,21600.0,0.22,648.0,1.5,1
77100.0,41500.0,0.14,680.0,13.4,0
71300.0,34600.0,0.103,718.0,2.2,0
73300.0,9600.0,0.167,672.0,0.8,0
61500.0,29900.0,0.056,738.0,0.6,0
108200.0,60900.0,0.226,701.0,0.7,0
76900.0,34800.0,0.13,770.0,3.5,0
70000.0,31200.0,0.187,,6.6,0
96000.0,22300.0,0.315,690.0,11.7,0
84900.0,38200.0,0.258,720.0,7.9,0
72900.0,21100.0,0.226,768.0,5.1,1
69600.0,39100.0,0.125,570.0,2.1,1
114700.0,51900.0,0.065,671.0,2.9,0
74200.0,19400.0,0.237,,3.9,0
60100.0,32600.0,0.155,708.0,6.9,0
46000.0,22400.0,0.209,654.0,6.4,1
55000.0,11000.0,0.258,702.0,8.3,0
43000.0,8900.0,0.218,740.0,7.6,1
64400.0,6900.0,0.326,732.0,3.2,0
67900.0,32900.0,0.248,673.0,3.5,0
30300.0,4300.0,0.078,718.0,9.2,0
62500.0,14900.0,0.152,850.0,2.1,0
77900.0,36500.0,0.298,658.0,2.9,1
65800.0,16600.0,0.088,716.0,11.7,0
44400.0,10800.0,0.211,658.0,3.4,0
96800.0,12900.0,0.159,731.0,4.3,0
48600.0,6100.0,0.052,641.0,10.3,0
40400.0,15600.0,0.074,718.0,2.3,0
42500.0,7200.0,0.323,604.0,1.4,1
61700.0,35900.0,0.216,696.0,14.5,0
87500.0,9900.0,0.123,822.0,3.4,0
93300.0,24100.0,0.136,623.0,5.9,0
66800.0,12800.0,0.093,653.0,2.7,0
40900.0,22500.0,0.146,735.0,8.3,0
49300.0,23400.0,0.209,625.0,6.4,0
45300.0,7100.0,0.197,558.0,1.3,1
58300.0,7500.0,0.187,595.0,6.8,0
33300.0,4700.0,0.275,696.0,5.0,1
64500.0,30300.0,0.141,745.0,1.1,0
77700.0,36800.0,0.201,690.0,3.3,0
58900.0,24500.0,0.289,689.0,7.1,1
72900.0,25100.0,0.228,744.0,3.3,1
44700.0,14800.0,0.085,,3.7,0
37300.0,14800.0,0.231,759.0,6.2,1
49600.0,7700.0,0.326,767.0,8.9,0
93000.0,46200.0,0.38,,12.1,0
88900.0,43500.0,0.06,755.0,1.6,0
52900.0,23300.0,0.225,724.0,4.5,0
94500.0,20600.0,0.176,679.0,1.3,0
55400.0,11500.0,0.155,684.0,2.1,0
105300.0,62100.0,0.147,744.0,4.1,0
73400.0,42200.0,0.284,618.0,5.1,0
52900.0,25100.0,0.183,598.0,4.4,1
81900.0,40300.0,0.109,749.0,17.3,0
47300.0,15600.0,0.192,792.0,5.9,0
44700.0,24100.0,0.244,701.0,12.0,0
37300.0,16600.0,0.043,742.0,5.0,0
67900.0,21700.0,0.17,596.0,9.9,0
60900.0,26800.0,0.292,613.0,2.3,0
60300.0,8400.0,0.251,655.0,7.0,0
53700.0,16000.0,0.165,665.0,1.8,0
102600.0,53500.0,0.385,694.0,4.2,1
53500.0,18200.0,0.245,659.0,3.9,1
48100.0,18200.0,0.028,681.0,2.8,0
95900.0,36500.0,0.31,674.0,7.3,0
102000.0,58300.0,0.182,718.0,18.4,0
69800.0,14000.0,0.246,744.0,5.7,0
33700.0,14900.0,0.146,733.0,1.2,0
50300.0,16300.0,0.118,761.0,2.7,0
76800.0,16700.0,0.208,674.0,4.0,0
62400.0,7800.0,0.208,660.0,5.0,1
106800.0,43300.0,0.257,581.0,3.3,1
38400.0,7400.0,0.201,592.0,2.1,0
78600.0,30800.0,0.146,729.0,5.9,0
49800.0,15700.0,0.285,711.0,4.7,1
98500.0,29800.0,0.183,686.0,14.0,0
60400.0,32900.0,0.24,667.0,3.3,0
88900.0,12900.0,0.182,616.0,6.2,0
49400.0,18800.0,0.374,563.0,2.4,1
37900.0,11600.0,0.139,652.0,3.9,0
42000.0,7400.0,0.176,670.0,13.1,1
50100.0,14900.0,0.306,542.0,5.4,0
43300.0,23100.0,0.182,756.0,8.1,0
94400.0,18800.0,0.445,646.0,2.6,1
99100.0,43600.0,0.165,707.0,8.0,0
68200.0,16000.0,0.297,755.0,3.6,0
43200.0,15500.0,0.238,766.0,4.1,0
59500.0,22300.0,0.333,667.0,12.4,1
48800.0,6600.0,0.101,,5.0,0
103100.0,52000.0,0.435,734.0,13.7,0
69200.0,20000.0,0.287,687.0,12.7,1
73600.0,15100.0,0.19,,5.3,0
53900.0,11000.0,0.418,635.0,3.1,0
30700.0,18200.0,0.233,698.0,2.6,0
47300.0,27000.0,0.4,647.0,9.7,0
41900.0,14000.0,0.17,671.0,11.5,0
70600.0,16600.0,0.284,689.0,1.8,1
64100.0,29100.0,0.233,735.0,7.4,0
46800.0,5900.0,0.142,670.0,4.3,0
54100.0,28600.0,0.125,669.0,2.5,0
107300.0,11000.0,0.31,660.0,11.2,0
44300.0,5500.0,0.229,835.0,12.8,0
45000.0,12000.0,0.245,680.0,1.8,1
57200.0,18800.0,0.131,709.0,6.1,0
48500.0,5000.0,0.104,600.0,1.3,0
53400.0,13000.0,0.217,686.0,12.2,0
74700.0,44200.0,0.268,617.0,19.5,1
113700.0,55400.0,0.255,652.0,2.3,0
33300.0,4300.0,0.179,724.0,7.2,0
61600.0,33200.0,0.232,779.0,5.2,0
62900.0,20900.0,0.42,693.0,3.0,0
60200.0,35800.0,0.249,717.0,3.5,1
58100.0,15100.0,0.231,693.0,2.6,0
55000.0,14000.0,0.146,659.0,1.7,0
88100.0,38700.0,0.285,688.0,12.3,0
52700.0,18100.0,0.125,737.0,1.0,0
59300.0,14100.0,0.266,694.0,7.2,0
62000.0,22500.0,0.301,662.0,4.8,1
64400.0,27000.0,0.115,657.0,18.1,0
58400.0,15000.0,0.303,710.0,2.5,0
88000.0,45100.0,0.112,665.0,10.8,0
61800.0,29300.0,0.096,734.0,7.4,0
65900.0,31400.0,0.225,605.0,4.2,1
60900.0,26200.0,0.15,725.0,6.2,0
43600.0,9400.0,0.061,,4.5,0
46400.0,21000.0,0.193,680.0,1.8,0
42900.0,8000.0,0.134,801.0,3.6,0
66300.0,11300.0,0.146,741.0,4.6,0
48300.0,17000.0,0.097,655.0,0.9,0
42800.0,8000.0,0.349,662.0,1.9,1
67400.0,11000.0,0.339,733.0,7.1,0
74500.0,29500.0,0.072,735.0,4.5,0
33500.0,19700.0,0.275,682.0,1.6,1
112000.0,14300.0,0.345,725.0,5.6,0
62700.0,20200.0,0.183,,8.0,0
59800.0,8700.0,0.114,531.0,5.3,0
90100.0,33300.0,0.048,,7.7,0
63500.0,24600.0,0.269,656.0,6.8,0
50200.0,17300.0,0.241,717.0,12.3,0
133700.0,16000.0,0.107,674.0,4.9,0
42600.0,19200.0,0.051,668.0,9.6,0
59900.0,21200.0,0.215,634.0,2.8,0
83400.0,32200.0,0.294,726.0,2.5,0
42600.0,18500.0,0.082,730.0,3.8,0
59800.0,33100.0,0.127,680.0,4.0,0
71000.0,22500.0,0.125,722.0,0.5,0
143700.0,80000.0,0.115,708.0,0.4,0
45400.0,8500.0,0.259,655.0,4.1,1
61000.0,19900.0,0.183,686.0,7.5,0
78100.0,14700.0,0.183,707.0,8.3,0
63800.0,18300.0,0.262,545.0,13.5,0
40700.0,22500.0,0.403,619.0,7.5,1
71500.0,42000.0,0.141,674.0,5.5,0
64400.0,21700.0,0.347,729.0,13.1,0
72500.0,17300.0,0.281,761.0,1.7,0
92100.0,24100.0,0.179,778.0,10.6,0
88400.0,48700.0,0.174,641.0,6.1,1
71500.0,22800.0,0.176,687.0,5.5,0
69100.0,13800.0,0.099,655.0,1.5,0
42200.0,21800.0,0.099,638.0,5.8,1
59200.0,21000.0,0.389,664.0,2.8,1
67000.0,21000.0,0.285,690.0,4.0,0
53900.0,29700.0,0.129,728.0,4.1,0
64200.0,30400.0,0.215,601.0,11.7,1
46400.0,5000.0,0.152,676.0,3.7,0
106100.0,61900.0,0.28,628.0,4.0,1
131700.0,43100.0,0.421,761.0,4.1,0
54100.0,10300.0,0.158,778.0,8.1,1
71300.0,39600.0,0.072,657.0,5.0,0
57100.0,17700.0,0.161,644.0,13.8,0
96500.0,42700.0,0.154,717.0,1.3,0
72200.0,34300.0,0.056,736.0,8.9,0
63700.0,12600.0,0.136,628.0,3.4,0
57300.0,33900.0,0.146,659.0,8.1,0
64800.0,24700.0,0.029,698.0,3.3,1
43700.0,5600.0,0.378,624.0,0.8,1
78500.0,28900.0,0.325,766.0,0.9,0
48300.0,5300.0,0.448,685.0,10.5,0
74800.0,44100.0,0.228,686.0,3.1,0
64900.0,28100.0,0.09,618.0,1.1,0
91000.0,26400.0,0.393,680.0,2.9,1
61600.0,30800.0,0.31,608.0,10.7,0
88700.0,44100.0,0.329,642.0,7.5,0
44900.0,20200.0,0.323,649.0,3.8,1
76700.0,16700.0,0.263,675.0,4.4,0
57300.0,8400.0,0.032,603.0,5.0,0
66400.0,35100.0,0.215,639.0,1.7,0
63600.0,34600.0,0.227,715.0,4.0,0
86000.0,23500.0,0.167,680.0,3.7,0
30600.0,9000.0,0.225,689.0,11.0,0
69400.0,20900.0,0.265,736.0,3.4,0
36700.0,8700.0,0.184,707.0,6.7,0
94600.0,53800.0,0.343,738.0,3.1,0
31100.0,11400.0,0.346,,9.2,1
43600.0,19800.0,0.145,633.0,4.0,1
34500.0,13900.0,0.181,774.0,4.3,0
110000.0,15900.0,0.169,588.0,3.0,0
39500.0,5400.0,0.159,606.0,3.5,0
64500.0,11200.0,0.186,618.0,5.8,0
51400.0,17900.0,0.371,813.0,3.6,0
33000.0,13700.0,0.196,687.0,8.3,0
55100.0,32900.0,0.092,742.0,4.0,0
78200.0,43000.0,0.086,596.0,4.6,1
58100.0,27300.0,0.183,621.0,1.9,0
86200.0,25100.0,0.3,700.0,8.3,0
54600.0,14900.0,0.061,656.0,5.8,0
62100.0,27900.0,0.112,689.0,6.7,0
54200.0,14800.0,0.281,716.0,14.3,0
69900.0,33700.0,0.277,,5.7,1
120500.0,55900.0,0.204,687.0,3.5,0
70400.0,11300.0,0.135,694.0,3.0,1
66400.0,33300.0,0.189,671.0,10.2,0
49900.0,7300.0,0.115,700.0,6.7,0
47600.0,12300.0,0.155,736.0,6.0,0
103500.0,60800.0,0.369,,7.0,0
42000.0,17900.0,0.197,698.0,2.4,0
45000.0,23800.0,0.096,732.0,2.6,0
59900.0,33700.0,0.213,672.0,4.2,1
53400.0,12400.0,0.156,677.0,10.6,0
123000.0,61200.0,0.105,785.0,3.6,0
27100.0,7800.0,0.141,745.0,2.2,0
70400.0,9300.0,0.097,809.0,2.4,0
79600.0,12200.0,0.242,786.0,4.8,0
41900.0,6800.0,0.036,664.0,1.7,0
49500.0,20600.0,0.164,644.0,5.9,0
72100.0,30300.0,0.306,667.0,0.6,0
109700.0,57500.0,0.162,731.0,17.1,0
44900.0,11100.0,0.133,500.0,1.3,0
35700.0,17200.0,0.226,685.0,2.5,0
87100.0,20300.0,0.153,750.0,1.9,0
105700.0,27100.0,0.183,686.0,3.3,0
55100.0,23600.0,0.146,701.0,5.3,0
28600.0,8500.0,0.136,670.0,6.5,0
103100.0,61800.0,0.197,590.0,2.2,0
57800.0,14900.0,0.185,735.0,5.6,0
91900.0,20100.0,0.216,667.0,6.8,0
61100.0,33000.0,0.147,709.0,6.1,0
54400.0,29200.0,0.31,684.0,8.3,0
52900.0,9600.0,0.315,791.0,4.1,0
103800.0,27900.0,0.12,709.0,8.9,0
102400.0,36400.0,0.188,707.0,0.6,0
29300.0,3900.0,0.326,678.0,15.5,1
44700.0,12800.0,0.183,638.0,9.7,0
115500.0,56000.0,0.239,706.0,6.2,1
54500.0,26400.0,0.106,,4.1,0
38500.0,6700.0,0.21,684.0,10.1,0
62100.0,15600.0,0.235,564.0,2.2,1
59700.0,14000.0,0.307,640.0,0.9,0
59900.0,26500.0,0.353,790.0,3.4,0
52400.0,8700.0,0.115,652.0,10.7,0
55600.0,33000.0,0.077,680.0,4.6,0
52900.0,8400.0,0.101,578.0,0.6,0
69700.0,25400.0,0.3,651.0,21.1,1
46700.0,21100.0,0.299,636.0,13.2,1
56000.0,32200.0,0.335,727.0,9.0,0
59000.0,24000.0,0.227,718.0,1.7,0
97900.0,51700.0,0.101,714.0,12.4,0
70700.0,25800.0,0.287,739.0,11.5,0
59700.0,12600.0,0.27,656.0,6.1,0
74800.0,23200.0,0.344,777.0,2.5,0
71500.0,28800.0,0.183,670.0,6.3,1
90700.0,33100.0,0.393,734.0,1.7,0
74000.0,36400.0,0.247,680.0,7.1,0
116200.0,43000.0,0.333,655.0,0.7,0
99300.0,29000.0,0.154,704.0,10.8,0
61100.0,21800.0,0.315,677.0,7.5,0
53600.0,19300.0,0.083,690.0,10.6,0
84400.0,8900.0,0.139,700.0,4.8,0
74300.0,19600.0,0.17,679.0,7.2,0
60000.0,23200.0,0.201,684.0,1.7,0
37000.0,16900.0,0.331,722.0,1.7,1
32600.0,10200.0,0.201,610.0,1.6,0
70000.0,33100.0,0.146,642.0,2.8,0
81200.0,28600.0,0.248,656.0,3.9,1
82100.0,23400.0,0.088,,5.5,0
39500.0,8700.0,0.294,702.0,9.0,0
89100.0,44400.0,0.277,658.0,2.9,1
51400.0,28800.0,0.225,636.0,5.5,0
71000.0,33000.0,0.106,608.0,4.6,0
71700.0,15100.0,0.04,634.0,6.3,0
46800.0,21200.0,0.232,707.0,19.7,0
50400.0,17800.0,0.235,613.0,8.8,0
30000.0,16900.0,0.178,733.0,7.4,0
45000.0,4600.0,0.11,718.0,3.0,0
33000.0,16100.0,0.197,699.0,2.2,0
72300.0,24100.0,0.027,,1.4,0
63300.0,33400.0,0.257,641.0,2.4,0
85400.0,34400.0,0.166,740.0,8.2,0
70200.0,7300.0,0.107,662.0,9.6,0
49600.0,22100.0,0.202,641.0,3.2,1
70000.0,25700.0,0.169,643.0,8.1,0
54100.0,11900.0,0.297,704.0,12.1,0
76700.0,12300.0,0.375,582.0,4.3,1
69200.0,20700.0,0.061,680.0,14.7,0
43900.0,16700.0,0.136,695.0,2.2,0
62000.0,21000.0,0.114,626.0,2.2,0
63200.0,6900.0,0.3,716.0,12.7,0
55700.0,9700.0,0.216,533.0,3.0,1
84800.0,37300.0,0.118,615.0,4.2,0
112900.0,42100.0,0.124,699.0,2.7,0
54500.0,25700.0,0.093,765.0,2.4,0
54800.0,16800.0,0.29,617.0,2.6,1
28200.0,6400.0,0.151,604.0,4.4,1
59300.0,29600.0,0.173,679.0,1.5,0
53200.0,11100.0,0.35,,3.9,1
29100.0,3800.0,0.136,640.0,3.4,0
68600.0,19500.0,0.129,639.0,10.2,0
76200.0,24800.0,0.118,768.0,3.6,0
48000.0,9800.0,0.25,631.0,3.5,0
54400.0,31400.0,0.116,593.0,6.0,0
44200.0,9500.0,0.335,659.0,9.7,1
81000.0,13000.0,0.2,754.0,7.3,0
36500.0,15700.0,0.281,720.0,2.9,0
55600.0,9500.0,0.098,680.0,5.1,0
122700.0,29400.0,0.131,610.0,6.8,0
63100.0,19400.0,0.246,677.0,2.9,0
73000.0,17300.0,0.212,840.0,4.3,0
58900.0,25100.0,0.224,715.0,3.6,0
41100.0,7000.0,0.011,740.0,0.9,0
61300.0,25900.0,0.218,594.0,1.9,0
71500.0,11300.0,0.214,680.0,18.2,0
43300.0,16900.0,0.191,651.0,17.8,0
69900.0,41200.0,0.151,777.0,1.8,0
95900.0,47300.0,0.361,666.0,7.7,0
90200.0,51700.0,0.314,678.0,8.6,1
35600.0,13300.0,0.169,655.0,7.0,0
44100.0,7900.0,0.251,525.0,1.8,1
35200.0,10000.0,0.147,745.0,10.2,0
90200.0,44000.0,0.088,577.0,9.9,0
76800.0,12700.0,0.11,650.0,5.5,0
79300.0,34300.0,0.272,594.0,8.7,1
45600.0,11900.0,0.278,,8.7,0
41200.0,23000.0,0.115,656.0,4.6,0
63700.0,17500.0,0.056,653.0,2.1,0
64200.0,16800.0,0.284,761.0,1.7,0
46000.0,10900.0,0.192,615.0,5.6,0
65200.0,24100.0,0.149,664.0,7.0,1
77700.0,44800.0,0.392,711.0,1.4,0
67200.0,24900.0,0.137,659.0,2.2,0
43100.0,20300.0,0.072,652.0,4.0,0
29600.0,10700.0,0.026,789.0,10.9,0
56600.0,8000.0,0.132,724.0,4.7,0
65700.0,25800.0,0.157,635.0,4.0,0
56600.0,22500.0,0.291,696.0,9.3,0
53400.0,21300.0,0.233,632.0,6.6,0
48700.0,12100.0,0.214,706.0,1.6,1
79600.0,18600.0,0.095,602.0,8.9,0
60900.0,16100.0,0.232,680.0,1.4,0
64700.0,7500.0,0.255,702.0,0.9,0
44100.0,8000.0,0.321,700.0,2.6,0
49900.0,12200.0,0.256,681.0,1.3,1
65700.0,23400.0,0.074,694.0,1.0,0
43600.0,24200.0,0.279,633.0,8.2,1
39900.0,18000.0,0.317,685.0,2.3,1
55300.0,19800.0,0.078,714.0,22.8,0
94400.0,43300.0,0.13,705.0,5.3,0
66300.0,21400.0,0.144,629.0,1.5,1
103300.0,12800.0,0.154,712.0,5.6,0
59200.0,26200.0,0.246,615.0,2.5,0
55600.0,25200.0,0.239,641.0,2.9,1
38100.0,16300.0,0.164,634.0,9.5,0
50700.0,26700.0,0.209,647.0,7.5,1
102500.0,50300.0,0.113,674.0,6.2,0
69500.0,35800.0,0.217,718.0,10.1,0
80100.0,9900.0,0.302,740.0,7.1,0
79400.0,47600.0,0.086,706.0,3.9,0
61800.0,24400.0,0.203,640.0,5.6,0
57700.0,22900.0,0.076,722.0,10.9,0
64600.0,26300.0,0.291,735.0,3.1,0
78400.0,18400.0,0.121,639.0,2.0,0
72800.0,18300.0,0.161,,2.1,0
73700.0,39700.0,0.293,672.0,5.1,1
65400.0,26200.0,0.054,788.0,7.2,0
47400.0,27500.0,0.245,664.0,8.3,1
56600.0,11600.0,0.125,671.0,5.0,0
44600.0,17500.0,0.102,720.0,8.7,0
88100.0,35200.0,0.325,615.0,2.3,1
29700.0,3500.0,0.292,621.0,11.5,0
57400.0,23700.0,0.307,674.0,8.1,1
143000.0,41800.0,0.221,727.0,9.0,0
55000.0,17300.0,0.166,663.0,8.3,0
41700.0,8000.0,0.241,645.0,1.9,1
61600.0,24500.0,0.132,680.0,4.8,0
97400.0,42500.0,0.105,768.0,4.6,0
58600.0,32000.0,0.184,611.0,5.9,1
76800.0,40000.0,0.205,753.0,3.4,0
64200.0,37900.0,0.079,,1.0,0
54400.0,32000.0,0.34,744.0,3.4,0
186700.0,84100.0,0.309,775.0,16.3,0
63600.0,15300.0,0.028,632.0,12.5,0
51400.0,19000.0,0.207,713.0,4.9,0
52200.0,7400.0,0.283,721.0,0.9,0
70800.0,27100.0,0.149,750.0,7.1,0
71500.0,18100.0,0.352,663.0,6.3,0
81200.0,29900.0,0.134,749.0,1.4,0
65100.0,30900.0,0.182,686.0,2.1,0
37600.0,4900.0,0.054,625.0,1.6,0
74700.0,40200.0,0.303,736.0,10.3,0
55600.0,6600.0,0.156,750.0,7.6,0
56100.0,19400.0,0.258,680.0,2.0,0
36900.0,7700.0,0.363,673.0,5.9,1
50700.0,6100.0,0.156,723.0,1.9,0
48100.0,16300.0,0.039,774.0,7.9,0
61200.0,14100.0,0.137,612.0,5.5,0
37300.0,5200.0,0.265,739.0,9.4,0
63100.0,32300.0,0.251,793.0,12.9,0
64800.0,14400.0,0.387,632.0,8.1,1
41900.0,23800.0,0.179,712.0,9.2,1
49800.0,20100.0,0.075,684.0,0.6,0
45900.0,12700.0,0.2,700.0,13.3,0
85200.0,11100.0,0.261,750.0,2.2,1
25600.0,13500.0,0.08,592.0,11.2,0
55000.0,8500.0,0.115,652.0,7.0,0
34700.0,16900.0,0.252,604.0,10.3,1
53300.0,19400.0,0.341,663.0,4.2,0
83400.0,27300.0,0.286,784.0,5.4,0
49700.0,7000.0,0.248,622.0,2.1,0
65100.0,20200.0,0.29,654.0,7.0,0
46100.0,5000.0,0.131,647.0,6.4,0
122200.0,58800.0,0.291,702.0,4.9,0
85300.0,38700.0,0.203,663.0,4.6,0
92000.0,15500.0,0.254,637.0,5.1,0
38900.0,13800.0,0.245,,8.7,0
42200.0,8000.0,0.144,671.0,12.4,0
90500.0,41300.0,0.401,612.0,8.3,1
57900.0,11300.0,0.362,547.0,4.3,1
56600.0,10500.0,0.03,745.0,4.8,0
69700.0,16900.0,0.29,687.0,2.0,1
40000.0,23400.0,0.174,647.0,5.9,0
81300.0,41400.0,0.202,671.0,14.0,0
62400.0,18800.0,0.093,721.0,6.7,1
73300.0,36400.0,0.256,633.0,3.4,0
49000.0,13800.0,0.104,682.0,4.1,0
74200.0,14400.0,0.059,651.0,15.3,0
48400.0,26500.0,0.333,748.0,3.7,0
86600.0,10200.0,0.341,546.0,2.3,1
92100.0,45700.0,0.307,602.0,13.2,1
85300.0,49500.0,0.065,758.0,3.7,0
74300.0,10600.0,0.116,614.0,2.1,0
77400.0,41000.0,0.275,636.0,8.0,1
24000.0,11800.0,0.168,612.0,13.0,1
83000.0,10100.0,0.176,551.0,10.1,0
56300.0,18100.0,0.247,674.0,10.0,0
64100.0,14700.0,0.211,718.0,6.5,0
56100.0,16400.0,0.144,697.0,7.3,0
38100.0,11100.0,0.13,611.0,4.4,1
51300.0,15200.0,0.298,650.0,2.9,0
78100.0,8200.0,0.085,,9.1,0
101800.0,24000.0,0.098,669.0,5.6,0
49900.0,12200.0,0.103,628.0,2.6,0
45200.0,19200.0,0.221,729.0,3.5,0
103100.0,46200.0,0.265,663.0,2.9,0
45500.0,21600.0,0.314,576.0,1.7,1
128100.0,53600.0,0.217,632.0,3.3,1
63100.0,34500.0,0.232,730.0,2.5,0
45500.0,17200.0,0.237,670.0,3.9,0
87500.0,22500.0,0.207,674.0,9.5,1
112100.0,13500.0,0.105,715.0,0.5,0
37500.0,17400.0,0.222,636.0,7.0,0
107000.0,40800.0,0.166,596.0,2.9,0
56200.0,10200.0,0.194,678.0,7.6,0
104300.0,37100.0,0.015,680.0,12.5,0
54300.0,31100.0,0.195,679.0,6.4,0
35700.0,14400.0,0.24,639.0,6.2,1
73900.0,18800.0,0.165,638.0,2.2,0
85800.0,43200.0,0.21,601.0,3.1,0
129100.0,38400.0,0.277,695.0,3.7,0
113300.0,12200.0,0.127,680.0,0.8,0
79100.0,11100.0,0.175,680.0,6.3,0
57100.0,33200.0,0.065,743.0,3.6,0
51700.0,7600.0,0.118,717.0,2.8,0
55900.0,27500.0,0.196,644.0,0.3,0
46400.0,5400.0,0.209,623.0,10.4,1
56300.0,17600.0,0.097,,1.0,0
25400.0,6100.0,0.035,660.0,0.9,0
66000.0,18000.0,0.142,680.0,4.3,0
61400.0,8900.0,0.255,654.0,5.0,0
152200.0,45800.0,0.023,785.0,13.4,0
80900.0,38800.0,0.048,591.0,1.1,0
52400.0,19000.0,0.157,704.0,0.2,0
75500.0,12500.0,0.084,785.0,3.1,0
40400.0,20300.0,0.206,689.0,4.6,0
50200.0,26900.0,0.074,799.0,8.0,0
32200.0,10600.0,0.097,680.0,7.3,0
102500.0,28700.0,0.163,689.0,9.4,0
76300.0,8300.0,0.029,724.0,3.5,0
41100.0,5600.0,0.222,640.0,10.7,1
60700.0,17500.0,0.299,680.0,4.0,0
86400.0,13500.0,0.302,712.0,9.3,0
73700.0,43100.0,0.262,643.0,5.9,1
70900.0,29900.0,0.45,706.0,6.0,1
45900.0,11800.0,0.162,741.0,0.9,0
49600.0,19500.0,0.287,616.0,3.9,1
64100.0,11800.0,0.272,674.0,7.7,0
85600.0,47800.0,0.106,703.0,10.3,0
46400.0,16300.0,0.037,641.0,7.5,0
41900.0,18800.0,0.269,737.0,5.9,0
92500.0,17700.0,0.498,749.0,9.6,0
44800.0,15100.0,0.249,650.0,4.3,1
90400.0,41300.0,0.354,695.0,3.6,1
67500.0,19800.0,0.11,646.0,10.2,1
84400.0,11200.0,0.224,674.0,4.1,0
114200.0,38200.0,0.249,707.0,8.2,1
78900.0,40400.0,0.191,673.0,7.6,0
81300.0,26900.0,0.271,691.0,0.9,0
45000.0,26500.0,0.233,657.0,9.1,0
48600.0,18500.0,0.18,747.0,4.6,0
77700.0,42100.0,0.119,733.0,5.0,0
106100.0,12300.0,0.2,647.0,8.9,0
100900.0,41900.0,0.324,712.0,1.7,0
139500.0,49500.0,0.054,827.0,5.1,0
69100.0,19300.0,0.188,656.0,6.0,0
66600.0,36700.0,0.167,758.0,14.0,0
88200.0,12900.0,0.133,830.0,10.0,0
62400.0,21400.0,0.195,670.0,6.6,0
60700.0,15400.0,0.174,726.0,4.4,0
43000.0,24900.0,0.156,561.0,4.9,0
87700.0,43000.0,0.168,758.0,1.2,0
42600.0,8500.0,0.33,718.0,18.1,0
74200.0,12200.0,0.356,729.0,1.4,0
37700.0,4200.0,0.235,693.0,5.5,0
91000.0,17300.0,0.22,736.0,2.3,0
43300.0,24400.0,0.194,744.0,0.4,1
83300.0,44700.0,0.226,722.0,8.1,0
35500.0,17700.0,0.12,667.0,8.2,1
53200.0,16000.0,0.145,674.0,1.2,0
93600.0,31900.0,0.185,685.0,7.3,0
46800.0,18100.0,0.209,680.0,3.4,0
63500.0,32100.0,0.202,637.0,8.0,1
52400.0,5400.0,0.257,612.0,15.2,1
27600.0,5300.0,0.334,677.0,5.1,1
69100.0,27000.0,0.433,,6.0,1
72100.0,12300.0,0.036,662.0,2.8,0
42100.0,24000.0,0.101,,1.4,0
75800.0,9300.0,0.261,607.0,1.9,0
46900.0,27500.0,0.209,659.0,8.3,1
43600.0,9000.0,0.181,669.0,1.4,0
62100.0,12200.0,0.226,802.0,10.4,0
48800.0,15200.0,0.111,678.0,12.1,0
138300.0,57900.0,0.155,740.0,3.2,0
36000.0,21200.0,0.122,710.0,5.2,0
80300.0,27200.0,0.358,,4.7,1
87600.0,48100.0,0.423,,15.4,1
31000.0,16900.0,0.366,718.0,2.9,0
33800.0,20000.0,0.265,,5.8,0
75500.0,21100.0,0.195,605.0,1.7,0
52400.0,17700.0,0.311,719.0,4.1,1
70900.0,7900.0,0.335,671.0,2.2,0
92400.0,27000.0,0.285,594.0,7.8,0
54400.0,15100.0,0.239,640.0,4.5,0
42700.0,6900.0,0.116,721.0,9.2,0
23900.0,12300.0,0.265,734.0,2.0,0
66600.0,16000.0,0.136,,2.1,0
44800.0,7400.0,0.133,750.0,23.4,0
69200.0,10900.0,0.194,726.0,2.9,0
67200.0,7500.0,0.062,597.0,3.5,0
38200.0,18200.0,0.172,622.0,4.7,1
113400.0,41500.0,0.115,702.0,5.4,0
90600.0,32800.0,0.038,633.0,4.7,0
83400.0,25600.0,0.269,648.0,3.7,1
41000.0,23900.0,0.205,699.0,8.1,0
53800.0,15500.0,0.206,666.0,7.7,1
51200.0,17300.0,0.327,644.0,2.2,0
53600.0,23900.0,0.141,604.0,2.0,0
41800.0,23600.0,0.139,796.0,8.1,0
72200.0,38200.0,0.259,605.0,1.7,1
67200.0,36300.0,0.129,658.0,10.1,0
70500.0,13500.0,0.058,743.0,4.0,0
51900.0,29700.0,0.19,676.0,2.8,0
97400.0,49900.0,0.218,629.0,3.2,1
66200.0,17500.0,0.197,619.0,9.0,0
23800.0,12000.0,0.281,746.0,3.1,0
49600.0,28600.0,0.139,725.0,8.3,0
60800.0,28700.0,0.437,573.0,9.2,0
86900.0,40800.0,0.152,605.0,2.2,0
55800.0,29000.0,0.289,717.0,6.0,0
56800.0,30600.0,0.19,772.0,10.4,0
49200.0,24100.0,0.39,652.0,3.8,1
78300.0,10900.0,0.071,735.0,14.2,0
53000.0,10800.0,0.168,593.0,2.1,0
50200.0,8100.0,0.159,589.0,11.4,0
47800.0,15900.0,0.432,612.0,6.1,1
75300.0,10000.0,0.249,709.0,7.5,0
51400.0,19300.0,0.28,693.0,1.4,0
34500.0,19400.0,0.347,722.0,17.0,1
77100.0,45500.0,0.091,,15.6,0
48500.0,5800.0,0.218,774.0,2.1,0
70300.0,31000.0,0.11,659.0,3.8,0
70700.0,12100.0,0.115,830.0,7.2,0
94500.0,50200.0,0.182,696.0,10.7,0
89400.0,10300.0,0.299,581.0,3.7,0
50700.0,7700.0,0.018,679.0,4.7,0
58500.0,15300.0,0.137,,7.7,0
39500.0,4100.0,0.115,768.0,4.8,0
111500.0,48100.0,0.151,694.0,2.9,0
72400.0,14700.0,0.053,751.0,6.8,0
101000.0,46500.0,0.158,,1.2,0
55500.0,31900.0,0.123,638.0,3.2,0
30300.0,10200.0,0.215,690.0,3.7,0
106000.0,35500.0,0.069,686.0,4.4,0
64100.0,38300.0,0.021,629.0,12.1,0
65000.0,16700.0,0.075,711.0,3.0,0
63200.0,34300.0,0.158,747.0,6.9,0
77700.0,35500.0,0.169,662.0,3.4,1
74700.0,7800.0,0.432,653.0,2.8,0
35500.0,8800.0,0.104,654.0,12.0,0
90700.0,41800.0,0.292,,6.0,0
51500.0,6300.0,0.204,674.0,6.0,0
52700.0,27900.0,0.34,706.0,11.4,0
113500.0,63100.0,0.214,743.0,5.1,0
85600.0,41100.0,0.262,664.0,9.2,0
55100.0,27900.0,0.383,,10.7,1
32400.0,12900.0,0.193,664.0,2.7,0
65600.0,33100.0,0.255,764.0,11.8,0
74900.0,25000.0,0.16,674.0,7.6,0
60300.0,18300.0,0.079,684.0,3.0,0
40100.0,18100.0,0.26,664.0,10.2,0
47000.0,15600.0,0.246,731.0,0.6,0
40000.0,10200.0,0.254,703.0,6.9,1
66900.0,15500.0,0.344,616.0,11.9,1
82600.0,26300.0,0.166,734.0,7.1,0
88800.0,25800.0,0.065,703.0,1.2,0
48000.0,22900.0,0.079,748.0,3.0,0
67300.0,33100.0,0.273,710.0,11.7,0
75300.0,37600.0,0.283,677.0,4.2,0
51800.0,27100.0,0.32,680.0,4.9,0
58900.0,16600.0,0.204,736.0,4.3,1
130400.0,37100.0,0.17,750.0,11.2,0
66600.0,34600.0,0.21,631.0,9.8,0
84500.0,16100.0,0.336,,0.8,1
53200.0,24000.0,0.239,707.0,0.3,1
62900.0,22800.0,0.253,673.0,7.4,0
34000.0,14700.0,0.491,702.0,7.8,1
61500.0,27600.0,0.358,,2.3,0
94100.0,40900.0,0.276,644.0,13.2,0
129300.0,28100.0,0.213,749.0,6.8,0
94300.0,10500.0,0.191,585.0,6.0,1
78800.0,45400.0,0.303,716.0,5.8,0
63200.0,34700.0,0.261,636.0,8.7,0
50300.0,17700.0,0.399,682.0,2.8,0
58600.0,25200.0,0.111,643.0,5.0,0
76800.0,11200.0,0.154,689.0,4.5,0
47100.0,15500.0,0.392,646.0,2.4,0
85900.0,33800.0,0.195,695.0,1.3,0
43900.0,19800.0,0.185,,3.3,0
33300.0,7000.0,0.404,620.0,4.3,1
43500.0,6400.0,0.344,672.0,6.8,0
34600.0,20100.0,0.271,715.0,10.9,0
38400.0,20100.0,0.113,633.0,4.7,0
92100.0,17400.0,0.289,789.0,9.3,0
57800.0,29600.0,0.141,659.0,10.5,0
66900.0,33900.0,0.144,724.0,1.5,1
93000.0,17700.0,0.183,578.0,3.1,0
96300.0,48400.0,0.077,,3.2,0
52000.0,15100.0,0.094,624.0,2.8,0
98700.0,26400.0,0.069,614.0,11.1,0
70900.0,12800.0,0.379,,0.6,1
62100.0,24600.0,0.233,655.0,5.6,1
72400.0,29400.0,0.255,632.0,8.3,0
37600.0,13400.0,0.028,770.0,0.6,0
47100.0,7100.0,0.114,676.0,2.2,0
59700.0,29700.0,0.146,695.0,1.2,0
76700.0,19800.0,0.132,563.0,4.3,0
54400.0,12600.0,0.123,763.0,1.2,0
59300.0,24900.0,0.146,766.0,9.1,0
87000.0,16700.0,0.164,,2.6,0
101600.0,56400.0,0.066,620.0,13.0,0
81100.0,34400.0,0.253,637.0,8.7,0
96600.0,47800.0,0.151,680.0,0.9,0
53800.0,14500.0,0.145,680.0,6.6,0
55700.0,17500.0,0.215,622.0,3.6,0
69300.0,15600.0,0.208,590.0,9.1,0
55800.0,12600.0,0.035,695.0,5.5,0
51900.0,16000.0,0.119,727.0,1.7,0
110500.0,54500.0,0.113,625.0,9.6,0
57800.0,20300.0,0.114,744.0,14.6,0
44200.0,22800.0,0.058,688.0,2.9,0
73500.0,11500.0,0.068,633.0,4.5,0
117900.0,28800.0,0.021,711.0,13.6,0
63800.0,7500.0,0.129,751.0,2.7,0
95400.0,53100.0,0.098,751.0,3.7,0
53200.0,7000.0,0.336,709.0,10.6,0
52200.0,19400.0,0.233,754.0,3.5,0
48700.0,21300.0,0.2,680.0,10.9,0
59000.0,11900.0,0.069,698.0,3.2,0
117900.0,69600.0,0.266,780.0,5.5,0
41400.0,24400.0,0.114,674.0,5.9,0
110000.0,24100.0,0.299,635.0,4.0,0
43600.0,7400.0,0.127,612.0,6.4,0
57100.0,24300.0,0.358,651.0,2.3,1
83100.0,29700.0,0.151,575.0,5.3,0
77300.0,31100.0,0.187,628.0,3.9,1
68400.0,28000.0,0.246,616.0,6.7,1
34800.0,20100.0,0.044,670.0,4.3,0
70400.0,34100.0,0.11,603.0,4.5,0
43400.0,11100.0,0.188,674.0,6.9,0
152400.0,72200.0,0.059,680.0,2.3,0
57500.0,18700.0,0.115,725.0,6.2,0
66200.0,38900.0,0.428,738.0,7.5,1
41500.0,14100.0,0.257,680.0,5.4,0
52400.0,5500.0,0.065,666.0,5.4,0
39500.0,22100.0,0.223,603.0,6.5,0
87400.0,20800.0,0.352,724.0,9.4,1
56600.0,28900.0,0.148,703.0,12.8,0
75500.0,30600.0,0.233,656.0,6.3,1
48800.0,23000.0,0.121,,3.2,0
52000.0,24400.0,0.224,791.0,3.4,0
97300.0,53800.0,0.331,702.0,2.5,0
44100.0,22800.0,0.285,657.0,3.2,1
33000.0,13900.0,0.129,693.0,2.0,0
71500.0,18800.0,0.067,630.0,2.0,1
41600.0,14400.0,0.287,792.0,9.7,1
53200.0,12700.0,0.175,613.0,5.5,0
85300.0,22900.0,0.204,624.0,1.6,0
46600.0,15400.0,0.183,738.0,3.3,0
84300.0,26300.0,0.339,670.0,5.5,0
48800.0,11900.0,0.183,612.0,1.3,0
104500.0,26400.0,0.218,734.0,3.4,1
98600.0,25200.0,0.103,746.0,4.7,0
52600.0,10300.0,0.185,590.0,9.0,0
57500.0,22500.0,0.141,718.0,3.5,0
46300.0,6800.0,0.332,737.0,1.6,0
66500.0,14900.0,0.04,785.0,6.4,0
92700.0,17200.0,0.181,708.0,2.0,0
37400.0,17000.0,0.327,724.0,11.0,0
85500.0,20500.0,0.262,687.0,4.2,0
39000.0,5800.0,0.314,721.0,3.9,0
45900.0,23400.0,0.157,778.0,4.9,0
33200.0,10600.0,0.282,722.0,4.2,0
129500.0,65000.0,0.361,647.0,8.4,1
63300.0,16500.0,0.065,677.0,2.4,0
67500.0,18400.0,0.044,792.0,5.1,0
48900.0,18600.0,0.136,612.0,3.0,0
90100.0,12100.0,0.14,648.0,3.2,0
29700.0,17500.0,0.223,644.0,6.6,0
62600.0,10400.0,0.116,755.0,14.3,0
134200.0,74700.0,0.257,632.0,9.3,0
54200.0,23300.0,0.124,658.0,6.8,0
62400.0,30100.0,0.17,678.0,3.4,1
78400.0,16100.0,0.226,713.0,3.4,1
46700.0,25500.0,0.12,716.0,2.5,0
62500.0,23000.0,0.218,680.0,5.4,0
86800.0,26600.0,0.209,617.0,6.6,0
66400.0,13000.0,0.11,601.0,4.4,0
70600.0,13100.0,0.269,746.0,3.4,0
54900.0,29200.0,0.139,667.0,8.0,0
69200.0,40500.0,0.047,691.0,7.2,0
63200.0,19500.0,0.31,681.0,3.4,0
103200.0,47700.0,0.356,598.0,10.7,0
79900.0,35900.0,0.255,589.0,14.2,0
56900.0,19700.0,0.057,618.0,4.1,0
26300.0,8900.0,0.082,790.0,10.2,0
79600.0,30000.0,0.062,659.0,5.2,0
80800.0,22100.0,0.232,709.0,11.2,0
45000.0,21300.0,0.093,624.0,6.0,0
30800.0,9500.0,0.043,827.0,4.6,0
41600.0,14700.0,0.129,686.0,6.1,0
85700.0,16400.0,0.192,593.0,10.6,0
42700.0,25100.0,0.261,654.0,4.3,0
52800.0,7300.0,0.299,699.0,6.7,0
67000.0,30700.0,0.148,680.0,7.7,0
95200.0,41000.0,0.189,661.0,3.4,0
61600.0,16800.0,0.18,718.0,1.9,0
59900.0,35200.0,0.2,697.0,8.4,0
51200.0,6100.0,0.313,693.0,2.6,0
109700.0,25900.0,0.204,658.0,9.7,0
90000.0,24200.0,0.289,702.0,3.1,0
60000.0,25300.0,0.14,743.0,7.5,0
38000.0,15000.0,0.157,681.0,18.9,0
47000.0,21400.0,0.199,662.0,6.9,0
75900.0,40200.0,0.344,,4.3,0
48200.0,5300.0,0.188,719.0,0.6,1
84700.0,32200.0,0.213,718.0,6.4,0
70400.0,21200.0,0.096,600.0,10.6,0
68700.0,30500.0,0.195,742.0,3.2,0
77900.0,28300.0,0.179,592.0,4.3,1
73800.0,20200.0,0.141,748.0,3.4,0
46000.0,4800.0,0.332,700.0,8.0,0
55300.0,14100.0,0.093,654.0,5.1,0
140600.0,45400.0,0.414,643.0,9.9,0
40600.0,10900.0,0.15,690.0,10.7,0
52500.0,15200.0,0.1,659.0,4.6,0
90000.0,38300.0,0.156,585.0,2.7,0
58600.0,15700.0,0.128,740.0,2.4,0
46700.0,24500.0,0.143,596.0,7.0,1
39000.0,10900.0,0.42,671.0,1.3,1
74800.0,23700.0,0.089,680.0,6.8,0
88600.0,28100.0,0.049,767.0,3.6,0
101200.0,55800.0,0.099,595.0,2.1,0
63200.0,25400.0,0.204,736.0,6.7,0
89400.0,52100.0,0.326,707.0,9.0,1
43200.0,4400.0,0.189,519.0,3.0,1
65800.0,38000.0,0.143,602.0,4.3,1
48900.0,9700.0,0.42,642.0,6.7,1
65900.0,36200.0,0.279,622.0,4.2,1
